Europejska Wspólnota Węgla i Stali			
w XVI	16		
tak			
alibi			
Niva			
z Azji			
lampasy			
King Kong			
stopień			
Gabriel García Márquez	Márquez		
nie			
„Trzej muszkieterowie”			
Patroklos			
cuma			
Lucjan Trela			
w XV	15		
Szymon Cyrenejczyk	Szymon z Cyreny		
„Romantyczność”			
kondor			
Wiesław Myśliwski			
nie			
chleb i ryby	ryby i chleb		
Georgi Dymitrow	Georgi Dimitrow Michajłow		
dęty blaszany			
przez Peru	Peru		
ekstradycja			
Quentin Tarantino			
kilogram			
sekstant			
burta			
cztery	4		
nowelizacja			
Kabaret Tey	Tey		
z IX	9		
pole kwadratu			
Chiny			
Danii			
Wacław Szymanowski			
tak			
Zgromadzenie Narodowe			
Boliwii i Peru	Peru i Boliwii		
w Saint Tropez			
bojer			
trzech	3		
katolickiego			
tektonika			
przeciwko państwu krzyżackiemu	przeciw Krzyżakom	państwo krzyżackie	
Gerlach			
telegazeta			
tak			
palców			
Pierre de Coubertin			
renifer			
z miliona			
sześć	6		
konno			
gazem			
Hera			
nie			
atropina			
z kóz			
folwark			
Elżbieta			
wierszem			
muchomory			
Bolesław I Chrobry			
borowina			
paserstwo			
czambuły			
przednie			
40 km/h			
z Portugalii			
Mario Puzo			
trzęsienia ziemi			
Artura Rubinsteina			
szpada			
generał Franciszek Kleeberg	Kleeberg		
gondola			
tymczasowe aresztowanie			
Nowej Zelandii			
trzech	3		
nie			
Tadeusz Kantor			
nie			
Nautilus			
palną			
Ajschylos			
tak			
Empire State Building			
nad Nilem			
Edward Gierek			
Ludwig van Beethoven	Beethoven		
zbrodnia w afekcie			
jeden	1		
linie papilarne			
iglastych			
dzięcielina			
Renata Mauer-Różańska	Mauer		
Władysław I Herman			
Nowy Jork			
w województwie kujawsko-pomorskim	w kujawsko-pomorskim		
bieg na 100 m przez płotki	100 m ppł		
urna			
Margaret Thatcher			
Kurpie			
wielbłądowatych			
w V p.n.e.			
w Kopenhadze			
białym			
w Chinach			
arsonfobia			
tak			
siedemdziesiątych			
w Madrycie	Madryt		
stachanowiec			
Pilica			
Pietro Mennea			
iglaste			
w kosmetycznej			
dwa	2		
tak			
zakończeniem			
z czterech	4		
w Waszyngtonie			
batalion			
w XVIII	18		
w Kalifornii			
obniżonej			
w XXI	21		
w Tulonie			
Władysław			
w 1943			
Warszawski Indeks Giełdowy	WIG		
Ryszard Bugajski			
w Szwecji			
z Burbonów			
w XIX	19		
Jacek Wszoła			
marka polska			
Francis Scott Fitzgerald			
cyprys			
nie			
wschód słońca	wschód		
na wierzbie			
wysokiej			
po II wojnie światowej	po II wojnie	po drugiej	2
aureola			
nie			
był premierem	premiera		
okrętem podwodnym			
pobożne			
Rzym			
dziewięć	9		
miecz			
w Warszawie			
w 1949			
Ignacy Krasicki	Krasicki		
rybołóstwem			
jaszcz			
w 1848			
elektroda			
osocze			
na pięciu	pięć	5	
tak			
„Sezamie, otwórz się”			
tak			
różą			
Piotr Czajkowski			
Dmitrij Mendelejew			
Maksymilian Kolbe			
na uczelniach wyższych			
Zrzeszenie Wolność i Niezawisłość			
w 1966			
dłużej	dłużej niż ziemska		
Tunis			
w XVIII	18		
tak			
dwa	2		
eufemizm			
na saksofonie			
roślin			
Legia Honorowa			
Edmund Hillary	Hillary		
z ZSRR			
Jan II Kazimierz Waza			
mrówki			
Wilhelm Tell			
na saksofonie			
głowę			
„The Rolling Stones”			
gazem			
tak			
pomniejszony			
baht			
Sława Przybylska			
Rio de Janeiro	Rio		
glinu			
kangurzątko	kangur		
we Francji			
Bliskiego Wschodu			
dwa	2		
trzech	3		
Liga Ochrony Przyrody			
Piotr			
Madonna			
azotany			
francuskiej			
na Cmentarzu Powązkowskim w Warszawie	na Powązkach		
w zapasach			
jaskra			
republiką			
Chaim Weizmann			
karma			
Aleksander II Romanow			
Józef Kraszewski			
Szczyrk			
Isaac Newton	Newton		
Hanka Ordonówna			
Zygmunt II August			
w Tatrach	Tatry		
Paweł Jasienica			
w 1983			
nacjonalizacja			
w Trójporozumieniu			
na skrzypcach	skrzypce		
nie			
tak			
tak			
orła			
Słowacji i Ukrainy	Ukrainy i Słowacji		
transplantacji serca	przeszczepu serca		
László Papp	Papp		
Cesarstwa Rzymskiego	Rzymu		
tombak			
po grecku			
w Krakowie			
nie			
ze Szwajcarii			
tak			
dziesięć	10		
Cricot 2			
baktrian			
Wojciech Smarzowski			
Steven Spielberg			
z Burbonów			
11 września 2001	11.09.2001		
Fidiasz			
morska			
w Krakowie			
odrodzenie			
w 1917			
Rzymu			
dwa różne państwa			
Wenezueli			
„Pokolenie”			
nie			
Wiedeń			
z Kolumbii			
fryzjer			
toga			
katamaran			
graptolity			
witaminy C	C		
Loch Ness	Ness		
„Mazowsze”			
osy			
milion	1000000		
major			
czysty nonsens			
Sudanu			
na Haiti			
w Katedrze Wawelskiej	na Wawelu	0	
w Azji	Azja		
dwie	2		
Australia			
na Florydzie	Floryda		
w Persepolis			
tak			
nandu			
gambit			
oset			
vacatio legis			
„Skąpiec”			
w XX	20		
etnografia			
w 1940			
jezuici	Towarzystwo Jezusowe		
IX	9		
z motyką			
architektury			
Eskulap			
do japońskiej			
w grudniu			
Zjednoczonych Emiratów Arabskich	ZEA		
scholastyka			
menora	siedmioramienny świecznik		
tak			
Hiszpanii i Francji	Francji i Hiszpanii		
głazy narzutowe			
skok śmierci			
smog			
z czterech	4		
tangensoida			
negro spirituals			
Trójprzymierze			
był Argentyńczykiem			
kuroniówka			
kryminalistyka			
krepina			
Dyndalski			
w XIX	19		
po pierwsze nie szkodzić			
motorowerem			
rektyfikacji			
tak			
Paul Anka			
ploter			
ołowiu	ołów		
„Moralność pani Dulskiej”			
z drewna			
nie			
protagonista			
kankan			
trzech	3		
z trzech	3		
sześć	6		
Andy			
hemofilia			
w Hadze			
melanina			
czerwonego			
ludźmi			
Panteon Narodowy			
Światowej Organizacji Zdrowia			
polisa			
Max Planck			
nie			
net			
Moskwy			
Narodowy Bank Polski			
kapelan			
Danii			
nie			
jasiek			
do Odry			
w Hiszpanii			
z Wisły			
Louis Armstrong			
radiowe			
recepta			
The House of the Rising Sun			
św. Elżbieta			
z Rosji			
wypił cykutę	popełnił samobójstwo		
Stefan Bratkowski			
w Finlandii			
Dar Młodzieży			
Manhattan	Manhattan Engineer District		
jeden	1		
hospicjum			
Sztokholm			
w styczniu	styczeń		
w 1982			
Meksyku	Hiszpanii		
Ocean Indyjski	Indyjski		
na czerwony			
z niemieckiego			
Jerzy Radziwiłowicz			
na trąbce			
z Węgrami	Węgry		
tak			
był kotem			
dwieście dwanaście	212		
Vasco da Gama			
w noc świętojańską			
Jan Paweł I			
interpunkcja			
Hiszpania			
polska rasa kur	kur		
pediatria			
nie			
„Sonda”			
Holandia			
akwedukty			
hipoteka			
denominacja			
wodoru			
z łącznika i orzecznika	z orzecznika i łącznika		
empiryzm			
tak			
tenorem			
epoka			
Ajschylos			
trzy	3		
otwarcia Kanału Sueskiego			
nie			
atelier			
„Waszyngton za zamkniętymi drzwiami”			
kalikant			
w podnoszeniu ciężarów			
w dziedzinie literatury	literatura		
cielę	wół		
trzysta	300		
białych turystów	cudzoziemców	białych	
na wiolonczeli			
Akira Kurosawa			
Socjaldemokracji Rzeczpospolitej Polskiej	SdRP		
w VI			
przymiotnik			
w „Jądrze ciemności”			
Paryż			
w Łodzi	Łódź		
Czesław Nowicki			
MiG-17			
Mateusz Kusznierewicz			
przed II wojną światową	przed		
na skrzypcach	skrzypce		
Śniadeccy	Śniadecki		
z flotą Szwecji	Szwecji	ze szwedzką	
za dużo			
w dziewięćdziesiąt	90		
Hipokrates			
w Korei Południowej			
łańcuch pokarmowy			
Kulfon			
w Austrii			
wszystko			
żadna			
ONZ			
Zygmunta Hübnera	Hübnera		
50 Hz	50 herców		
w tylnej części jej ciała	w tylnej		
porucznika			
do Niemiec			
dekalog			
siew			
Mirosław			
z Austriakami	z Austrią		
w Ameryce Południowej	Ameryka Płd.		
z Węgier	Węgry		
w 1945			
Piłat			
barter			
nad Pilicą			
USA	Stany Zjednoczone		
powierzchni	ziemi		
rad			
opornik			
tak			
czerwonego			
dziesięć	10		
tragedia			
Herakles			
męski			
nad Morzem Śródziemnym	Śródziemnym		
datowanie izotopowe			
Jana Karola Chodkiewicza			
trzy	3		
„Familiadę”			
kołchoz			
w islamie			
włoskiej			
ormiańskiej	Ormianin		
we Francji			
na Kremlu			
tak			
patriarchat			
w Gdańsku			
Krakowa			
Jan Kowalczyk			
pika			
serce			
Marszałek Polski			
Dobra Nowina			
Czesław Miłosz			
tygrysy			
czad			
z Gibraltaru			
Józef Bem			
Robert Falcon Scott	Scott		
Półwysep Iberyjski	Iberyjski		
tak			
bosman			
bambus			
Abraham			
w Hiszpanii			
Małgorzata Foremniak			
skandynawskich			
Archimedes			
Glenn Miller			
Ignacy Mościcki			
Fiat			
gladiatorzy			
Niccolò Paganini			
Krzysztof Kieślowski			
Stanisław Mikulski			
Władysław Reymont	Reymont		
trolejbus			
z „Warszawianki”			
Leonid Breżniew			
ropa naftowa			
Skała Tarpejska			
do Grecji			
placebo			
Tarzana			
wszystkie	trzynaście	13	
„Chłopów”	„Chłopi”		
jeden	1		
dekatyzacja			
Nemo			
stetoskop			
w Paryżu			
Horeszków			
Henryk Tomaszewski			
„Wielka Gra”			
Japonii			
w Muzeum Brytyjskim	w British Museum		
stalagnat			
w Azji	Azja		
tygodnik			
niemieckiej	był Niemcem		
James Cook			
Zygmunt III Waza			
Grzegorz Lato	Lato		
Jan Heweliusz			
Turcja			
Kujawy			
Paryża			
na klarnecie			
pięćdziesiąt dwa	52		
nektar			
przez Berezynę			
Mojżeszowi			
z dwóch	z dwu	2	
Hannibal			
nie			
mlekowy			
z Hiszpanii			
Spice Girls			
w Wenecji			
oberżyna			
w 1991			
zarząd			
nad jeziorem Michigan	Michigan		
gilotyna			
w Polsce			
wytrawne			
od 1890			
Stany Zjednoczone Meksyku	Meksyku		
tak			
do Romea i Julii	Romeo i Julia		
biathlon			
Achillesowi			
„Żeby Polska była Polską”			
Wilhelm Canaris	Canaris		
sześcianem			
wirydarz			
dwunastu	12		
Mount Everestu			
na płotek			
Damaszek			
manko	niedobór		
Łunochod			
Wielka Orkiestra Świątecznej Pomocy	WOŚP		
Michał			
proton			
klinowym			
kościelna			
pięćset	500		
Ukraińska Powstańcza Armia			
trzy	3		
kastaniety			
przeciwnik			
Lajkonik			
Parlament Europejski			
mięsożernymi			
triathlonu			
nokdaun	knockdown		
S			
fortuna			
o Wojciecha Pszoniaka			
Alibaba i 40 rozbójników	Alibaba i czterdziestu rozbójników		
Kobe			
Diogenes z Synopy	Diogenes		
zerowy	0		
za rządów Leonida Breżniewa	za Breżniewa		
w 1922			
pod Lipskiem	Lipsk		
trzech	3		
gen			
w Nowym Jorku			
rotmistrz			
Leopold Tyrmand			
Orfeusz			
pełna			
w XX	20		
Paryż			
oziminy			
witaminy A	A		
Santa Maria			
skorpion			
Sapporo			
w lipcu			
dwie	2		
na literę A	na A	A	
Holendrzy	holenderskiej		
Buran			
habit			
przez Afrykę	Afryka		
na laurach			
mezozoik			
tak			
kolej transsyberyjska			
Eros			
Afryka			
litewskiej			
Jan Matejko			
Immanuel			
meteoryty			
tęczówka			
przeciwko muchom	muchom		
Morskie Oko			
termity			
beżowy			
cecha			
Charles de Gaulle	de Gaulle		
Lechowi Wałęsie	Wałęsie		
wielkie uderzenie	mocne uderzenie		
absolutorium			
Psyche			
kalwinem			
w Zachęcie	w gmachu Zachęty	Zachęta	
Kambodżę			
kameleon			
serce			
Kazimierz Junosza-Stępowski			
dalit			
Petersburga			
krzew			
w XIX	19		
Marcello Mastroianni			
nie			
Stentor			
o słowa			
w „Quo Vadis”			
nostryfikacja			
nie			
Tadeusz Kościuszko			
trzeciej	3		
nad Wisłą			
karawana			
ze snowboardem			
Józef Haller			
Stary Testament	Stary		
Wolfgang Amadeusz Mozart			
oksymoron			
włoskami			
panewka			
temperatury			
Morze Kaspijskie			
Belgii			
Sanhedryn			
w XVII	17		
Karol Marks	Marks		
Hiszpańskiej Socjalistycznej Partii Robotniczej			
Jarosława Iwaszkiewicza			
w pole			
obrót wokół własnej osi			
wiewiórkę			
Jan Henryk Dąbrowski			
Wiesław Rozłucki			
Jan Matejko			
sowy			
dwumasztowy			
Wacław Niżyński			
do 1991			
Ocean Atlantycki	Atlantyk		
z Holandii			
zmęczenie materiału			
funt brytyjski	funt szterling		
gaździna			
śpiewaczką operową			
we trzech	3		
Albania			
Mikołaj Rej	Rej		
I wojnę światową			
„Pigmalion”			
talk			
Iwan IV Groźny			
„Nowy wspaniały świat”			
tak			
idiom			
Jan Sebastian Bach	Bach		
nie			
trzy	3		
czarter			
Glücksburgowie	Schleswig-Holstein-Sonderburg-Glücksburg		
literacki			
Chlestakow			
Tuhaj-bej			
Bohdan Chmielnicki			
w Czechach			
Pius XII			
w Polsce			
Płowce			
choroba			
Rudyard Kipling	Kipling		
generał Alfred Jodl	Jodl		
Woodrow Wilson			
jeden raz	raz	1	
w sześć	6		
żurawie			
w XIX	19		
w XII	12		
A			
o mur graniczny	o mur		
dzięki echolokacji	echolokacja		
w XIII	13		
równolegle			
enklawa			
Jerzy Kulej			
Kartezjusz	René Descartes		
był mamutem	mamut		
rękawy			
Michaił Gorbaczow			
Austro-Węgry			
nie ma zapachu	jest bezwonny		
miecz			
Franz Lehár	Lehar		
elektrownia jądrowa			
w Knossos			
Aleksandr Sołżenicyn			
w 1901			
na generała de Gaulle'a	de Gaulle'a		
w Rzymie	Rzym		
etymologia			
dziewięćdziesiąt	90		
siedem	7		
w Rio de Janeiro			
wewnątrz			
szpilki			
Dzwon Zygmunta			
wojny punickie			
trzy	3		
relatywizm			
„Popioły”			
Morgana			
do Hiszpanii			
The Doors			
we wrześniu			
tak			
walne zgromadzenie			
myto			
Pol Pot			
Serena i Venus	Venus i Serena		
Elektra			
cztery	4		
Luwr	Louvre		
siano			
w Częstochowie			
w cukrzycy			
Michaił Barysznikow			
„Tygodnika Powszechnego”			
sygnały świetlne			
Marsa			
Otto von Bismarck			
Tom Hanks			
zwierzęta roślinożerne			
serafin			
żołądź			
Tuaregowie			
w XVII	17		
Władysław IV Waza			
Australię			
nie			
Manchester City			
tak			
w 1660			
S			
Bizancjum			
dzielnik			
tak			
Adam Słodowy			
w XIX	19		
Bolesław I Chrobry			
złoto			
Britney Spears			
przy ulicy Wiejskiej	przy Wiejskiej	Wiejska	
jego drugą naturą	drugą naturą człowieka		
Bezpartyjny Blok Wspierania Reform	BBWR		
w Magdeburgu			
w Świdniku			
tak			
Pałac Elizejski			
tak			
Loyola			
styczna			
pręcik			
trzy	3		
Raymond Chandler			
wiosną			
Oslo			
zebry			
w Afryce			
Maltę			
Capuleti i Montecchi	Montecchi i Capuleti	Kapuletów i Montekich	Montekich i Kapuletów
na Węgrzech			
Joanna Bator			
Benito Mussolini			
Humphrey Bogart	Bogart		
na terenie Rosji	w Rosji		
IQ			
Bajkał			
Rembrandt van Rijn			
Władysława II Jagiełły	Jagiełły		
glosa			
w „Panu Tadeuszu”	„Pan Tadeusz”		
tak			
boks			
czarny i biały	biały i czarny		
Wiślan			
medycynę			
dzieciobójstwo			
z trzciny cukrowej			
Molier	Jean Baptiste Poquelin		
dwutlenek węgla	CO2		
Biskupin			
czerwone serce			
tworzą jedną całość			
suchoty	gruźlica		
geminata			
w alkoholu			
trąbka Eustachiusza			
Zygmunt III Waza			
Robert Koch	Koch		
Władysław Reymont	Reymont		
białego			
w Warszawie			
w Wielkiej Brytanii	w Anglii		
greckim			
nogi	nogi roztańczone		
Milos Forman			
Kermit			
się śmieje ostatni			
Anita Lipnicka			
przeciwko gruźlicy	gruźlica		
kwas mlekowy			
1981			
w zbroję			
w Betanii			
w wosku			
króla Kornwalii Marka	Marka		
Jan			
z Polski			
Karol Szymanowski			
tak			
roślinożerne			
„Pianista”			
Marusia			
do glonojadów	glonojad		
liczenia			
wahadłowiec kosmiczny			
Okocim			
sześć	6		
tak			
jedna dziesiąta	10.01.2021	0,1	
ssaki			
zaćma			
Opel			
samica			
nad Białą			
powiatem			
Wojciech Kilar			
Monachium			
Malediwy			
klimatyzator			
Morskie Oko			
cenzor			
suweren			
do nieba			
w USA	w Stanach Zjednoczonych		
siostrą			
po stronie Ententy			
„Varius Manx”			
Gieorgij Malenkow			
w województwie lubuskim	w lubuskim		
Diesel			
Żeńcy			
w Nowej Zelandii			
byli braćmi	bracia		
Karol Młot			
Czarna Procesja			
liść			
Andrzej Wajda	Wajda		
Ateny			
banicja			
z Afryki			
św. Augustyn			
skupiające			
konkordat			
piechota			
do Włoch			
„Wesoła wdówka”			
„Forrest Gump”			
obyczaj			
Wilk			
6 stycznia			
Flamandowie			
Oceanu Atlantyckiego	Atlantyku		
z dynastii Piastów	z Piastów		
w kwietniu			
Gerda			
wody			
morski			
Most Karola	Karola VI		
klaustrofobia			
gryzoniem			
Danii			
Szeherezada			
Jezioro Solińskie			
z USA	ze Stanów Zjedoczonych		
z Rosji			
w Tatrach	Tatry		
Japonii			
Barbarossa			
Tadeusza Kościuszkę			
kwas nikotynowy			
Biblioteka Kongresu			
lob			
zawsze ujemną	ujemną		
z czterech	4	4	
Toruń			
był Hiszpanem	hiszpańskiej		
do ważek	ważki		
tak			
kartofle			
w 1772			
tak			
tak			
trzysta sześćdziesiąt	360		
90210			
z siedmiu			
we Włoszech	Włochy		
lewa			
Thomas Woodrow Wilson	Wilson		
nad Nogatem			
Pałac pod Blachą			
Zygmunta II Augusta			
w XVI	16		
Giovanni Lorenzo Bernini	Bernini		
tak			
bransoleta			
kameleon			
Wał Atlantycki			
podatek pośredni	pośredni		
Kazimierz Wielki			
trzy	3		
w Betlejem			
złotem			
Karol Szymanowski			
Katmandu			
w Londynie			
wzroku	oka	oczu	
Mikołajowi Rejowi	Rejowi		
„Niech żyje sztuka!”			
papież			
z Francji			
z Powstania Warszawskiego			
Pawlik	Bronisław Pawlik		
w 1993			
tak			
Ustawy norymberskie			
Bedřich Smetana	Smetana		
Cieśnina Gibraltarska			
Amsterdam			
Gabriel Narutowicz			
trzydzieści	30		
parking			
stonka ziemniaczana			
Pierre Beaumarchais			
w 1959			
Brytanii			
fosylizacja			
Piechota wybraniecka	Wybrańcy		
Wernyhora			
z Rivii	Rivia		
w liście winorośli	winorośli		
Jakobini			
natura			
balotaż			
ciekłą			
dodatni			
Pragi			
matematyką	cybernetyką		
Zygmunt II August			
był Francuzem	francuskiej		
w XVI	16		
Tatuś Muminka			
„Pan Tadeusz”			
w 1943			
hossa			
w 1926			
alfa, beta, gamma			
w Pakistanie i Indiach	w Indiach i Pakistanie		
nie			
lemiesz			
adiutant			
Maria i Marta	Marta i Maria		
lawa			
Appalachów			
Rubikon			
przed nutą			
wigwam			
nie			
akomodacja			
tak			
jajorodne			
„Niewolnica Isaura”			
osiemdziesiąta	80		
admirał Karl Dönitz	Dönitz		
hoplici			
Krystyna Chojnowska-Liskiewicz			
w Moskwie			
islamu			
w 1961			
Andrzej Wajda	Wajda		
nie			
siecznej			
„Rumcajs”			
z kaczką			
„Mesjasz”			
Bolesław II Śmiały			
w Chorwacji			
tak			
fotosynteza			
prorok Daniel	Daniel		
owca cała			
przed trzynastą	13		
na głowę			
celibat			
pięć	5		
w Polsce			
tak			
„Trybuna Ludu”			
większa			
trzydzieści dwa	32		
Mefistofeles	diabeł		
w Kalifornii			
do Indonezji			
w Azji	Azja		
barograf			
w rzucie oszczepem			
Biblioteka Narodowa			
w USA	w Stanach Zjednoczonych		
z wojskami Szwecji	Szwecji		
wywóz za granicę			
skurczowe			
tak			
oddział			
pod Maciejowicami			
sześć	6		
w Krakowie			
przez Hiszpanię i Portugalię	przez Portugalię i Hiszpanię		
Kinszasa			
stop			
w dziedzinie literatury	literatura		
w Berlinie			
dźwiękonaśladownictwo			
w trzeciej	3		
Jan Heweliusz			
w Leśnej Górze	Leśna Góra		
Marek Markiewicz			
tak			
Szkoła Główna Handlowa			
Wisła			
Lyndon B. Johnson	Johnson		
Jan Kochanowski			
regiony			
w Tatrach	Tatry		
lutnictwo			
korozja			
dożynki			
Oskar Kolberg			
Wojciech			
dorsz	dorszowate		
koniugacja			
gogle			
w Sarajewie			
Jacques Chirac			
Kazimierz Wielki			
Ludwig van Beethoven	Beethoven		
Anna Jagiellonka			
ławica			
tak			
w Iraku			
Gotfryd z Bouillon			
lewitacja			
nitowaną			
kwarcu			
z angielskiego			
satelita			
trzy	3		
pijawki			
wybrzeże	brzeg		
Ameryki Południowej	Ameryki Płd.		
Jankiel			
kafar			
Baku			
tak			
za siódmą	za siedmioma	7	
w 1920			
Zygmunta I Starego			
nie			
Alicja Majewska			
w Ameryce Południowej	Ameryka Płd.		
na Morzu Śródziemnym			
jednokomórkowe	jedno		
Jerzy Kawalerowicz			
ptakiem			
Loara			
Kair			
z Włoch			
dwunastościan			
Minecraft			
kokosa			
cztery	4		
400 metrów	400 m		
czek			
Szwajcarii			
Roger Federer			
faul			
„Fidelio”			
Uzi			
w około trzy sekundy	w 3 sekundy	3 s	
z sześciu	6		
z dwóch	z dwu	2	
tak			
z Rosją i Chinami	z Chinami i Rosją		
Fryderyka Chopina	Chopina		
instrumenty perkusyjne	perkusyjne		
żadnego			
Oscar			
została otruta			
nie			
serca			
Albanii			
Anna			
w Rumunii			
Szerpowie			
Hawajów			
pięć	5		
Kmicic			
ABBA			
jolka			
w Wielkiej Brytanii	w Anglii		
nie			
Bosfor			
wodór			
Jan Paweł			
w Zamku Królewskim	na zamku		
diadochowie			
szyprowie			
alfabet Braille'a	Braille'a		
Lasek Buloński			
japońska			
kurza ślepota			
nie			
termistor			
Lew Tołstoj			
w powstaniu styczniowym	styczniowym		
najwyższe prawo			
deklinacja			
Cieśnina Magellana			
Aleksander Jagiellończyk			
przeciwko Stanisławowi Augustowi Poniatowskiemu	Stanisław August		
w Krynicy-Zdroju			
Ural			
numizmatyk			
tak			
Pelagia Majewska			
Kazimierz Górski	Górski		
czardasz			
wodoru			
grażdanka			
Klaudiusza			
w Katowicach			
w Polsce			
tak			
w 1982			
liczebniki porządkowe	porządkowe		
nie			
Prezydent RP			
loża			
Park Narodowy Yellowstone	Yellowstone		
Michał Anioł			
Helena Modrzejewska			
z Michaelem Jacksonem			
dęty drewniany			
tarczycy			
nie			
Seul			
nie			
kontrabas			
w XX	20		
Nairobi			
Głowacki	Aleksander Głowacki		
za konia	koń		
„Wierna rzeka”			
Wiktoria			
Molier	Jean Baptiste Poquelin		
był Gruzinem	Gruzin		
monopol			
Finansów	Ministerstwa Finansów		
wychodzi z serca	wychodzi		
„07 zgłoś się”			
wolfram			
Wielkiej Brytanii	Anglii		
Sforzowie			
w 1901			
Józef			
kiełbasa			
w Rouen			
„Syzyfowe prace”			
w Krakowie			
Organizacji Bezpieczeństwa i Współpracy w Europie			
tak			
Winston Churchill			
Kuwejt			
podpowiadaniem aktorom			
endotermiczna			
w skoku wzwyż			
Stanisław Skarżyński			
Morza Śródziemnego			
żuchwa			
Sylwia	Sylvia		
Proletaryat			
gra			
kogel-mogel			
przez ciernie do gwiazd			
admirał			
matura			
Alaska			
o pasterzy			
w XX	20		
na Oceanie Indyjskim	na Indyjskim		
Ładoga			
w Krakowie			
żadnego	0		
Jan III Sobieski			
na Alasce	Alaska		
w Rzymie	Rzym		
Antek	Antoni		
CPN			
marynista			
tak			
tonik			
katapulta			
Królewiec			
jednakowe			
nieważkość			
w 1963			
sękacz			
teologia			
nie			
na cokole Pomnika Grunwaldzkiego			
bursztyn			
Admiral Graf Spee			
log			
Jan Sebastian Bach	Bach		
Ryszard Miazek			
Jan	Johannes		
Michaił Kutuzow			
Libanu			
Marszałek Sejmu			
pantomima			
„Sztandar Młodych”			
jezuitów			
ukulele			
Laluś			
trzydziesty drugi	32		
satrapa			
tak			
uwertura			
w Sopocie	Sopot		
w dziedzinie literatury	literatury		
kałamarnice olbrzymie			
bagnet			
na Białorusi			
długim nosem			
w Aleksandrii			
bratem			
Świętowit	Światowid		
z warzyw			
Robert de Niro	de Niro		
alfa			
Sojuz			
primadonna			
w Bernie	Berno		
Demokryt z Abdery	Demokryt		
Jacek			
ze „Świętoszka”	„Świętoszek”		
Bagdad			
złote jabłka			
więcej niż kilogram	więcej		
Addis Abeba			
mandragora lekarska			
Grzegorz I			
stęp			
Lwie Serce			
mineralogia			
tak			
twierdzenie geometryczne			
krzyżyk			
w Londynie			
Stanisław Sosabowski			
dynamika			
Auguste Renoir	Renoir		
Księga Powtórzonego Prawa	Deuteronomium		
Olof Palme			
pejzaż			
Joseph John Thomson	Thomson		
w 1943			
Adolf Hitler			
mniej niż metr	mniej		
we Francji			
turniura			
tak			
tak			
„Śmierć nadejdzie jutro”			
w Gliwicach			
Konstytucja 3 Maja			
krasowienie	kras		
z przedsionków do komór			
forum			
„Szatan z 7 klasy”			
Irlandia			
we Francji			
tak			
nie			
Pszczoły Merowingów			
deflacja			
tak			
z Jagiellonów			
Baśka			
tak			
Duma Państwowa Federacji Rosyjskiej	Duma Państwowa		
bierne	bierne prawo wyborcze		
głupiec uczony			
Joseph Haydn			
sad			
Georges Bizet	Bizet		
na niedźwiedziu			
w XIV	14		
„Dyktator”			
Jan Matejko			
Sabrina			
Wojciech			
Wincenty Kadłubek			
Joanne Rowling	J. K. Rowling		
Magdalena Samozwaniec			
Armia Czerwona			
Jim Henson			
Konrad Adenauer			
symbioza			
sto	100		
dwie	2		
Świąt Bożego Narodzenia			
cztery	4		
w trójskoku			
w I	1		
Jangcy			
tak			
Liga Narodów			
Mieszko I			
Bór-Komorowski			
na Synaju			
Rzym			
na perkusji			
słodkowodne			
mydła			
Hektora			
fletem			
w pierwszym	w I		
do Izabeli Łęckiej			
kombajn			
jaś	fasola jaś		
Ignacy Mościcki			
w klapie			
w Madrycie	Madryt		
z trzech	3		
nie			
Jan Matejko			
Partii Demokratycznej			
tak			
nad Morzem Śródziemnym	Śródziemnym		
Tahiti			
w 1956			
pipeta			
rejestr			
Indii			
tak			
Gall Anonim			
w XV	15		
prądy w mięśniu sercowym			
podziemny			
Maria Rodziewiczówna			
Mateusz i Jan	Jan i Mateusz		
hemoglobina			
tak			
hedonizm			
Aram Chaczaturian			
Pireneje			
sok z gumijagód	gumijagody		
„Emancypantki”			
Stanisław Konarski			
Franklin Delano			
Imre Kálmán			
Giacomo Puccini	Puccini		
Sabała			
Saba			
w Polsce			
szpak			
pokorne			
z kory			
na Tamizie			
w nosie			
Portugalii			
trzy tysiące sześćset	3600		
nie			
afrykańskie			
Halina Czerny-Stefańska			
demografia			
miejscownik			
ze Szczecina			
Jim Morrison			
Joanna Chmielewska			
Kanady			
Eliza Orzeszkowa			
kapitana			
w Atenach			
Karin Stanek			
Hansa Christiana Andersena	Andersena		
prezbiterium			
wielościany foremne			
winogron			
makler papierów wartościowych	makler		
cylinder			
burnus			
Toruń			
Brazylia			
arkan			
morza			
Górna Wolta			
Józefina			
Maciej			
dżojstik	joystick		
w Moskwie			
Pinokio			
ZSRR			
w mazowieckim			
w Kanossie			
Pakistanu			
liberia			
do Francji			
żółte	pomarańczowe		
Hans Christian Andersen	Andersen		
w XVIII	18		
Jan Sebastian			
Andrzej Szczypiorski			
Noc Długich Noży			
romantyzmu			
Litwos			
pomarańczowy			
smog			
są braćmi	bracia		
azotowego			
rekonwalescencja			
ustąpienie objawów	ustąpienie		
w 1947			
w Tanzanii			
kolarstwo górskie			
Zapiecek			
ludzie			
w XIX	19		
Małej Niedźwiedzicy			
w Tatrach	Tatry		
wodę			
kliważ			
do Benedyktynów			
„Ben-Hur”			
w 1959			
w 2022			
w Żelazowej Woli			
Isaac Bashevis Singer	Singer		
w Etiopii			
w Chicago			
z Ameryki Południowej	z Ameryki Płd.		
Rafael Santi			
Wełtawa			
w 1821			
Ślęża			
liczebnik			
Watykanu			
tetroda			
osiem	8		
jedną setną	setną	0,01	
„Bismarck”			
do Morza Czarnego			
z młodej			
szesnastkowy			
Ludwig van Beethoven	Beethoven		
Pierce Brosnan			
ultradźwięków			
samowar			
Kazimierz Barcikowski			
w Ameryce Północnej	Ameryka Płn.		
Krak			
w średniowieczu			
tak			
jest bezbarwny	żaden	nie ma koloru	
w Mediolanie			
Eris			
z dwudziestu trzech	23		
na terenie Słowenii	w Słowenii		
wachlarz			
Rosynant	Rocinante		
Długi Targ			
nie			
suchoty	gruźlica		
Mieszko II Lambert	Mieszko II		
po śniegu			
„Obrazki z wystawy”			
Tajwan			
z Andaluzji			
George Gordon Byron	Byron		
nie			
uzdrowienie			
zgromadzenie kardynałów	kardynałów		
Robert Redford i Paul Newman	Paul Newman i Robert Redford	Redford i Newman	Newman i Redford
abakany			
w Wielkiej Brytanii	w Anglii		
Southampton			
Nowego Jorku	Nowy Jork		
o Atlantydzie			
z niemieckiego			
w 1000			
pozytywizm			
dwa rogi	2		
tak			
nigdy	wcale	zero	0
Salomona	Jerozolimskiej		
z wieprzowiny			
kochanki			
Partii Konserwatywnej			
Wincenty			
Wezuwiusza			
w Indiach			
Stefana Jaracza	Jaracza		
tak			
w 1918			
w Tatrach	Tatry		
kareta			
Rio de Janeiro	Rio		
Kojaka	Theo Kojaka		
Francja			
gruszki			
Bieszczadów			
greckiego	greki		
Francis Ford Coppola			
w Barcelonie			
trzydzieści pięć	35		
we Włoszech	Włochy		
w Nowym Jorku			
Hańcza			
Mikołaj II Aleksandrowicz Romanow			
Białorusi			
tak			
Krzysztof Kieślowski			
Ramzes			
w 1943			
1 kg	kilogram		
potasu			
konstytucja	konstytucja Rzeczypospolitej Polskiej		
w XVI	16		
w Pałacu Namiestnikowskim			
tak			
Interpol			
Łucja Prus	Prus		
Andrzej Sapkowski			
Świna			
Adam Mickiewicz			
nad Morzem Północnym	Północnym		
siedem	7		
dziki			
św. Łukasz	Łukasz Ewangelista		
z piętnastu	15		
Józef Piłsudski			
list gończy			
tak			
skarabeusza			
„Washington Post”			
Order Orła Białego			
cisza			
Zygmunta I Starego			
Serhij Bubka	Bubka		
dioda			
Ewa			
35 lat	35		
Oda Dytrykówna			
z Portugalii			
skaner			
Charles de Gaulle	de Gaulle		
tak			
dwie	2		
w Czechach			
tak			
drezyna			
w Kanadzie			
w Mekce	Mekka		
na cmentarzu Monte Cassino	pod Monte Cassino		
z Australii			
w 1948			
na Morzu Karaibskim	na Karaibskim		
na Marsie	Mars		
Nefretete			
„Ogniem i mieczem”			
w Bydgoszczy			
cztery	4		
Gabriel Fahrenheit			
w Rzymie	Rzym		
aklamacja			
Galilejczyku, zwyciężyłeś!			
melancholik			
trzustka			
w Maroku			
w Chinach			
Hugo Kapet			
marcowa			
z dwunastu	12		
Persów			
„Wesoła wdówka”			
trzy	3		
Grenlandia			
analfabeta			
wewnątrz ciała			
Helios			
James Dean	Dean		
rowerzysta			
dwadzieścia siedem	27		
bajki			
Herakles			
Australię			
Kleopatra			
Martin Eden			
ogarek			
Wielka Armada			
nad Wartą			
w XX	20		
wolej			
dziennik			
Jonasz Kofta	Kofta		
w Pekinie			
recesja			
w Los Angeles			
aktualizm			
„Doktor Żywago”			
uwodziciela			
daktyloskopia			
Warszawski Krzyż Powstańczy			
na przylądku Rozewie	Rozewie		
126p			
Kazimierza Wielkiego			
bandyta			
do Szwecji			
Maria Czubaszek			
modem			
z chłopstwa	chłopi		
aperitif			
Flora			
Giuseppe Garibaldi	Garibaldi		
w Tokio			
w Niemczech			
napięcie elektryczne	napięcie		
w województwie podlaskim	w podlaskim		
w 2013			
Tomasz Hopfer	Hopfer		
Dowódca floty Stanów Zjednoczonych na Pacyfiku	Dowódca floty USA		
kleptomania			
w IV			
Hodon	margrabia Hodon		
Pustynia Błędowska			
pod Legnicą			
sabat			
nie			
Andriej Gromyko	Gromyko		
jen			
monogamiczne			
cztery	4		
Organizacji Harcerzy ZHP	Związku Harcerstwa Polskiego	harcerzy	
żaden			
bessa			
świętego Graala	Graala		
Duszanbe			
kenozoiku			
z angielskiego			
8 minut i 20 sekund	8 minut		
nie			
klasycyzmu			
tak			
królewska			
do Atlantyku	do Atlantyckiego		
prawo kanoniczne			
Stambuł			
Albert Camus	Camus		
bigowanie			
cztery	4		
Trubadurzy			
w 1864			
guwernantką			
w Tosce			
św. Cyryl	Cyryl i Metody		
nie			
dromadery			
Józef i Andrzej Załuscy	Załuscy		
Kaliningrad			
czernina			
być zaręczonym			
w białym			
Sarajewo			
Louis Blériot	Bleriot		
nie			
w 1847			
w IV p.n.e.			
w XIV	14		
nie			
jednego	1		
kamienie milowe			
Nagasaki			
Melchior Wańkowicz			
Nike			
jazz-rock			
żadnych	zero		
kwadrat			
tak			
Kanady			
w Quebeku	Quebec		
obligacja			
„Warszawska Jesień”			
ogniskowa			
w XIX	19		
a sam smoli			
„Ranczo”			
gotyk			
nieparzysta			
Francji	francuskie		
maczuga			
Zenon z Kition			
w 1919			
w XV	15		
bakteryjna			
Jowisz			
czerwony			
ladino			
trzeciej	3		
Gieorgij Żukow	Żukow		
do standardowych			
dwadzieścia cztery	24		
łaciną	łacińskim		
Pablo Escobara			
Krystian Zimerman			
Francisco Goya	Goya		
kasztany			
Izyda			
łyżka i widelec	widelec i łyżka		
Giaur	w „Giaurze”		
Wojciech Żukrowski			
Nil			
wilki			
przed naszą erą			
dwa	2		
Korsyka			
w zmartwychwstanie Jezusa Chrystusa	że Jezus żyje		
idiom			
Elba			
Pitagoras			
Ministerstwa Spraw Zagranicznych	MSZ		
Gruzją			
„Chory z urojenia”			
dwa	2		
ozonosfera	warstwa ozonowa	powłoka ozonowa	
Belgia			
ssakiem			
w sierpniu			
Amerykę Północną	Amerykę Płn.		
kipu			
niebieskiego			
zygota			
dwie	2		
Alicja			
nów			
dwie	2		
kierowców			
nie			
z Włoch			
angelologia			
Obywatel G.C.			
wykrzyknikiem	!		
z Ameryki Południowej	z Ameryki Płd.		
w „Lalce”	„Lalka”		
w 1789			
żywica			
Alaska			
w Egipcie	Egipt		
mnożenia			
nie			
holenderskiej	Holendrzy		
więcej niż osiem	więcej		
flory			
od jaja	od początku		
listopadowego			
Erwin Rommel			
św. Franciszek			
Leonard Bernstein			
w XVIII	18		
warzyw			
Kazimierz IV Jagiellończyk			
nie			
The Beatles			
Samuel Colt	Colt		
nie			
nadgarstek			
makutra			
nie			
dziesięć	10		
Rembrandt van Rijn			
krynolina			
Jan Styka i Wojciech Kossak	Wojciech Kossak i Jan Styka		
w XXI	21		
rowerem			
Królestwo Kongresowe			
Marna			
tak			
we Lwowie			
koniuszy			
Familia			
Jalu Kurek			
damski			
Persji			
poliglota			
magnetowid			
w 1916			
„Requiem”			
Ryszard Kaczorowski			
Ewelina Hańska	Hańska		
Holandii			
z Karkonoszami			
Mao Zedong	Mao Tse Tung		
w XIX	19		
złoty samowar			
Stefana Żeromskiego			
do Włoch			
ojcem	ojciec		
Mysłowic			
ciśnienia			
Neptun			
Grecji			
w dominie	domino		
sześć	6		
Federico Felliniego	Fellini		
Benedyktynów			
z drugiej	2		
Oświęcimia			
w XI	11		
Autostrada Słońca	Autostrada del Sole		
z Hiszpanii			
francuskiej			
magmowa			
w Magdalence			
na gitarze elektrycznej	na gitarze		
prokurator			
rodzaj kurtki			
w 1917			
w XVI	16		
piętnaście	15		
łyko			
kamienia			
Zbigniew Preisner	Preisner		
św. Krzysztof			
Alfred Nobel	Nobel		
Kasia Kowalska			
dwadzieścia trzy	23		
w Dęblinie			
nie			
Stanisława Wojciechowskiego			
kobiecego			
na Sycylii			
w XIX	19		
w XVI	16		
w łódzkim			
niższa od zera stopni Celsjusza	niższa		
węgila			
choroba morska			
implant wewnątrznaczyniowy			
w Dallas			
„Kabaret Starszych panów”			
kto? co?			
islam			
zachodniopomorskiego			
w XIX	19		
nie			
w dolnośląskim			
tęcza			
Weronika			
z ryżu			
w 1941			
Finlandii			
Faust			
jeden	1		
„Władca much”			
francuskojęzycznego			
człowiek twórca			
Bartolomeo Cristofori	Cristofori		
od Nowej Zelandii			
w Anglii			
Niemcy			
tak			
tak			
prawosławny			
Jonathan Swift	Swift		
Jarosław Kaczyński			
nad Czarną Hańczą			
w XIX	19		
Abbeville			
maluch	mały fiat		
Norwegia			
Dziennik Telewizyjny	Dziennik		
8,90 m			
Merkury			
zero			
nie ma rąk	nic		
Tadeusza Kościuszki	Kościuszki		
John Logie Baird	Baird		
Albańczycy			
na gorącym			
Richard Trevithick			
Melpomene			
Jan Miodek			
w Egipcie			
tak			
być albo nie być			
Juliusz Verne	Verne		
„Eurythmics”			
dziekan			
tak			
Brytyjczycy	Anglicy		
po I wojnie światowej	po I wojnie	po pierwszej	1
Kreon			
nie			
Queen			
przed naszą erą			
ruda			
rusznikarz			
boks			
prorocza			
trójkąt			
Hanna Gronkiewicz-Waltz			
szesnaście	16		
przed			
w Wielkiej Brytanii	w Anglii		
miesięcznik			
Atatürk	Mustafa Kemal Atatürk		
w XIII	13		
rybki akwariowe			
maska			
prawą	prawą stroną jezdni		
Siergiej Korolow	Korolow		
nad Morzem Czarnym	Czarnym		
Zygmunt III Waza			
Atos			
Modest Musorgski			
ametyst			
Kurt Waldheim			
United Nations Relief and Rehabilitation Administration	UNRRA		
piłkę nożną	był piłkarzem		
Krzysztof Kieślowski			
w Ameryce Południowej	Ameryka Płd.		
w 1970			
tak			
bylina			
w Krakowie			
we Wrocławiu			
dwóch lat	2 lata		
Stefan Batory	Batory		
płynnym złotem			
w lombardzie			
Lazurowe Wybrzeże			
z pustego			
tak			
Paweł Edmund Strzelecki	Strzelecki		
ten, który trwa 100 minut	100 minut	1	
Witkacy	Stanisław Ignacy Witkiewicz	Witkiewicz	
ambona			
Juliusz Machulski			
tak			
w XIV	14		
saturacja			
bakszysz			
około tysiąca	tysiąc		
Włoch			
Tatarzy	wojska tatarskie	Mongołowie	wojska mongolskie
koturny			
książę Wellington	Arthur Wellesley		
Kwirynał			
w Gdańsku			
z soi	soja		
fiordy			
w zachodniopomorskim			
izotermy			
tak			
tak			
stopa			
tlenki			
w 1914			
21 lat			
prolaktyna	laktotropina		
amper			
Ronald Reagan			
Hydra			
Mikołaj I Romanow			
nie			
gromada			
hołubiec			
Aramis			
Tales z Miletu	Tales		
Zygmunt Freud	Freud		
Annapurna			
Wembley			
w Wietnamie			
Włochy			
dwie	2		
tak			
romantyzmu			
we Włoszech	Włochy		
nie			
Ferdinand Foch	Foch		
dziewięciu	9		
na lirze			
sześcian			
order Virtuti Militari			
gardło			
Kuby			
nadir			
w Danii			
tartak			
Holandia			
ciżma			
wielokomórkowym			
szylkret			
nie			
w 988			
ryż			
chlorofil			
w jamie ustnej	w ustach		
Junonie			
o Bolesława Prusa			
Dynastia Piastów	Piastowie		
Adam Koc	Koc		
czterdzieści pięć	45		
w Afryce			
Michaił Łomonosow			
Sherlocka Holmesa			
odcinały prawą pierś			
ambasada			
reggae			
„Monitor”			
Otto Lilienthal			
do królestwa roślin	roślin		
Turbacz			
z jedenastu	11		
w pchnięciu kulą			
na cymbałach			
po łacinie			
Parys			
tak			
Mongolii			
tak			
Phileas Fogg	Filip Fogg	Fileas Fogg	Fogg
Vincent van Gogh	van Gogh		
katalizator			
Babinicz			
tak			
kambr			
z Francji			
pawlacz			
Lehman Brothers			
falanga			
esperanto			
raz	jeden raz		
rewaloryzacja			
suwak			
żółtego			
Bayreuth			
przez Jezioro Bodeńskie			
tak			
„Ludzie bezdomni”			
do pomiaru czasu	czasu		
Heleny Modrzejewskiej			
złotego			
„Mistrz i Małgorzata”			
nie			
on			
nad Morzem Czerwonym	Czerwonym		
w XVIII	18		
w Londynie			
Turcji			
w Sankt Petersburgu			
Akira			
Finlandia			
akcji			
z Akwinu			
w USA	w Stanach Zjednoczonych		
Prus			
„Kingsajz”			
drzewem iglastym	iglastym		
lekarzu, lecz się sam			
źrenica			
po I wojnie światowej	po I wojnie	po pierwszej	1
bałwan			
w pomorskim			
Discovery			
w 1944			
w Nowym Jorku			
powstania styczniowego	styczniowego		
Mosad			
Biała Wisełka			
łożyska			
ze Stuartów			
Romeo			
myje			
Etna			
pumpy			
Gajusz Juliusz Cezar			
FIS			
Ludwik Solski	Solski		
tranzystor			
gąsienice			
Doktor Żywago			
antypatia			
Genewa			
pułkownika			
Poloniusz			
do Czechosłowacji			
Jezus Nazarejczyk Król Żydowski	Iesus Nazarenus Rex Iudaeorum		
jeden	1		
w 1929			
baby kamienne			
CDU			
Tadeusza Kościuszki	Kościuszki		
banjo			
na półkuli wschodniej	na wschodniej		
w Paryżu			
Gutenberg			
tak			
co cztery	4		
Feldmarszałek Wilhelm Keitel			
czajki			
Wiktor Suworow			
Monika			
Karol Darwin	Darwin		
„Pamiętnik starego subiekta”			
Paul			
z dwudziestu czterech	24		
Jazz Jamboree			
z Afryki			
paulini			
beta-karoten			
bukiet			
pływa			
dwadzieścia	20		
kościołowi			
archozaury			
w delcie Wisły	Wisły		
pleonazm			
Neil Armstrong			
Kordian			
dolar			
Michael H. Hart	Hart		
Kaliope			
z maku	mak		
Otton III			
w Polsce			
prawnikiem			
polonez			
we Wrocławiu			
z drzew iglastych	z iglastych		
O			
Bermudy			
Zygmunt III Waza			
płazem			
trzydzieści trzy	33		
osiem	8		
USA	Stanów Zjednoczonych		
Uniwersytet Wileński	Wileński		
tak			
Kozacy			
Roman Polański			
albinos			
do Chin			
monitor komputerowy			
tak			
szybsze			
boomu			
Gucio			
za oszustwa podatkowe			
Bronx			
Charles Lindbergh			
dominikańczyk			
przed Chrystusem	przed	przed naszą erą	
Beata Kozidrak			
Rudy 102	„Rudy”		
bratem Zeusa	bratem		
tak			
w XV	15		
Jacek Kuroń			
baktrian			
autochton			
Borys Jelcyn			
modem			
kutia			
Vivaldi			
w 1912			
Salamina			
„Nirvana”			
na górze Olimp	na Olimpie		
oczu	oka		
Francis Drake	Drake		
Dawid			
trawą			
Sulejman			
twarz	głowę		
nie			
Samoobrona			
Wczele			
w pchnięciu kulą			
Panteon			
Stefan Batory	Batory		
tak			
Neron			
Kazimierz Kaczor	Kaczor		
republiką			
nie			
beton			
z Bazyliki św. Piotra			
„Wirujący seks”			
Irwina Shawa	Shawa		
nasiona			
w XIX	19		
diament			
przyspieszenie			
paleozoik			
Pieśń o spustoszeniu Podola przez Tatarów			
Marco Polo			
okrągły			
kiełbasa			
wybierany przez mieszkańców			
„The Beatles”			
Hannibal			
tak			
i one			
z jęczmienia			
Słońce			
spójnik			
Kometa Halleya			
Burboni			
osiem	8		
Republika			
tylko w liczbie mnogiej			
w XI	11		
Ella Jane	Ella		
stany			
bratem			
City	City of London		
do Morza Północnego	Północne		
Warta			
jeden	1		
w Paryżu			
rupia			
Neptun			
medycyny			
strunowy szarpany			
w XIX	19		
owiec			
w Karkonoszach			
Star Trek			
Antoine Lavoisier			
Pigmeje			
kukułki			
lany poniedziałek			
w USA	w Stanach Zjednoczonych		
ksiądz Jan Twardowski	Twardowski		
w XII	12		
ciśnienie			
Mel Gibson			
karat			
do Bułgarii			
w Dreźnie	Drezno		
w Paryżu			
z dwóch	z dwu	2	
rumb			
w Luwrze	Luwr		
delta			
co tydzień	co sobotę	w każdą sobotę	
Wieża Tokijska	Tokyo Tower		
ścięgno Achillesa			
Pakistanu			
litosfera			
matematyką			
Priam			
o Powstaniu Warszawskim	Warszawskim		
dendroklimatologia			
reklamy	marketingu		
Gwiazda Polarna			
Charon			
tak			
cztery	4		
dwa	2		
w XIX	19		
libretto			
w 1901			
z szesnastu	16		
ludobójstwo			
Marcin Luter	Luter		
Sherlock Holmes			
w Europie			
szklana			
we Włoszech	Włochy		
talmud			
w Stambule			
legiony			
gladiatorzy			
cztery	4		
Tagu			
promil			
Szklarski			
rachunek sumienia	sumienia		
Adama Mickiewicza			
azotu			
Friedrich Krupp AG	Krupp		
antonim			
Helmut Schmidt			
Pacyfik			
Erytrea			
macierzanka			
jeden za wszystkich, wszyscy za jednego			
w Japonii			
fonetyka			
ten sam w nie wpada			
pod Parkanami			
na terenie Pakistanu			
Józef Chychła			
nie			
Papuasi			
Karta Narodów Zjednoczonych			
z aramejskiego			
C			
dzień gniewu			
„Dziewczyna Szamana”			
Richard Chamberlain			
cztery	4		
La Scala			
Augiasz			
odległości			
Tallinn			
w Wielkiej Brytanii	w Anglii		
ciecz			
sekularyzacja			
z Mongołami	z wojskami mongolskimi	z Tatarami	z wojskami tatarskimi
rolnictwo ekologiczne			
John Steinbeck			
Mountbatten			
doktora habilitowanego	dr hab.		
z Tudorów	Tudorowie		
Marcello Bacciarelli	Bacciarelli		
Czerwoni Khmerowie			
w tenisie			
z wiśni			
równik			
nie			
morena			
Katarzyna II Wielka			
tobogan			
nie			
Kazimierz Odnowiciel			
ogień			
nikt			
w Trójce	w trzecim	3	
John Travolta			
tak			
żużel			
jałtańskiej	na konferencji jałtańskiej	w Jałcie	
szczawniczanin			
oligarchia			
Wettynów			
w dziedzinie literatury	literatura		
więcej niż 80 lat	więcej		
witraż			
Juliusz Cezar			
jeden obol	1 obol		
desant			
pięć	5		
nie			
papieża			
po I wojnie światowej	po I wojnie	po pierwszej	1
nie			
na skrzypcach	skrzypce		
tak			
fowizm			
w 1945			
garda			
Robert Dole	Dole		
lepkości			
Republika Federalna Niemiec	RFN		
admirał			
Hawaje			
baretka			
Merkury			
spaghetti			
czardasza			
ziemniak			
Pascal			
Wielkiej Niedźwiedzicy			
torpeda			
szapoklak			
Kongresu Stanów Zjednoczonych	Kongresu USA		
lekarzem			
na trawiastej			
pieszo			
w zaborze austriackim	w austriackim		
tak			
Matylda			
protokóły	protokoły		
baroku			
instrumentem strunowym	strunowym		
tak			
Peter Paul Rubens	Rubens		
szejk			
w 1991			
eksmisja			
bratem			
szwoleżerowie			
MMS-em			
na szaro	szary		
dwóch	2		
na Cmentarzu Łyczakowskim	na Łyczakowskim		
ziarna gorczycy	gorczyca		
w Chinach			
sód			
„Dziady”			
dwóch	2		
podczas I wojny światowej	1		
lorenc			
do Rosji			
sam autor	Antoine de Saint-Exupéry		
w Iron Mana			
z dynastii Piastów	z Piastów	Piastowie	
Tępa Podkowa			
Maurice Ravel	Ravel		
z „Aurory”			
Zeus			
co tydzień	tygodnik		
Jangcy			
szachach			
kaskader			
sympatia względem obcych	sympatia		
zielony			
Christiaan Huygens	Huygens		
cztery	4		
ławnik			
powieka			
Kazimierz			
azotowy			
nad Tybrem	Tyber		
z Grimaldich			
nigdy	wcale	zero	0
janczary			
Tadeusz Syryjczyk			
Chałupy			
Ludwik XIV			
w Auschwitz			
tak			
liczby pierwsze			
bezy			
sześćdziesiąt dwa	62		
Wisła Kraków			
w XVIII	18		
w 1925			
dziesiąty	10		
Potop Szwedzki			
Mazurek			
elektronów			
tak			
we Francji			
po irlandzku			
w Nicei			
Stefan Żeromski			
w Gdańsku			
w Afryce			
Jerzy Hoffman			
termity			
mila morska			
Mazowsze			
w Wilnie			
Atena			
muszlę			
tak			
w kaszę			
Douglas			
Jan Apolinary Michalik			
tak			
dwunastu	12		
Anny Walentynowicz			
Oceanu Indyjskiego			
do chrzanu			
pirofobia			
w XIX	19		
Buonarotti			
Jadzia			
tak			
nad morzem Bałtyckim	nad Bałtykiem		
cyrkonia			
w marcu			
gryps			
do Kmicica			
Gody			
abc	a * b * c		
w Kairze			
Maurycy Beniowski			
ziemniaki			
dla oficerów			
nie			
Chicago			
Rio Grande			
w Filadelfii			
w Barcelonie			
dziesięcioro	10		
tak			
trzy	3		
boazeria			
w Londynie			
niemieckiej			
hot-dog			
Michał			
Pustynia Gobi			
ALMA	Atacama Large Millimeter Array		
poziomo			
plac Zamkowy			
pieszo			
Artemidę			
katedra			
Kortezy			
marsza			
Juana Perona	Juana Peróna		
tak			
w „Jeziorze Łabędzim”			
korkociągu			
gaziki			
na cmentarzu Père-Lachaise			
w XVI	16		
nie			
Sewan			
Joanna			
w kujawsko-pomorskim			
Samsona			
nie			
z bambusa			
w 1919			
walet			
słuchy			
w Nowym Jorku			
kolarze			
nie miał nogi			
na ulicy Sezamkowej			
Mikołaj Kopernik			
Diego Velázquez			
Zbyszek Cybulski			
trzech	3		
tak			
ktoś młody i niedoświadczony			
dwa	2		
Jedwabny Szlak			
we francuskim	po francusku		
podporządkowujący się normom			
suchy chleb dla konia			
za Jana III Sobieskiego			
witamina C	C		
dwoje	2		
Bernardo Bertolucci			
Żeromski			
Francji			
Kościuszko			
kwadrat			
trzydzieści	30		
Gajusz Mecenas			
jeden	1		
Juliette Binoche			
roślina zielna			
Don Kichot			
Orgon			
łyżwiarstwo figurowe			
w XIX	19		
Gopła			
Jan Matejko			
ósmym	8		
FAO			
saperka			
ojcem			
owczarek niemiecki			
dwa	2		
Maćko			
3			
dwie	2		
z Chin			
91 dni			
renesansu	odrodzenia		
czarnym			
Noe			
tak			
Andrzeja			
słodkiej			
atrament			
wapń			
w Gotham City			
z Argentyny			
Henryk			
wsadziła go do buta			
w Jałcie			
w Rzymie			
Bohun			
literatury			
Paweł			
Instytut Pamięci Narodowej			
przez żołądek			
10000			
sny			
nikt			
tak			
trąbka Eustachiusza			
z piłką nożną			
cytologia			
Breda			
ze Szwajcarii			
tak			
w Los Angeles			
Jurata			
Robert Ludlum			
tak			
egzorcyzm			
musiał sam			
tak			
tak			
z Wielkiej Brytanii			
w Toruniu			
w Toruniu			
gwarek			
zapora Hoovera	tama Hoovera		
szczypior			
linienie			
Ewa			
Piastów			
Niderlandów	Holandii		
Rodzinka.pl			
holenderskiej	był Holendrem		
betulina			
10 lat			
kapo			
przed obżarstwem			
Marsylianka			
Gaskonia			
Rogalin			
za Stefana Batorego			
Afrykę i Azję	Azję i Afrykę		
salamandra olbrzymia			
zwierzę			
Amazonka			
psychokineza			
Tadeusza Kościuszki			
od Leszna			
Krakowa			
nie			
Czyngis-chana	Dżyngis-chana		
do Morza Śródziemnego			
Pinokiowi			
Czuwaj!			
świnki morskiej			
inkaust			
islam			
snycerz			
Stefan Żeromski			
kundel			
o złodzieju			
zawyżona			
kardiologiczny			
na Kapitolu			
Walery			
kaduk			
dwóch	2		
na klarnecie			
w uchu			
Guglielmo Marconi			
poker			
etykieta			
z Francji			
„Mazowsze”			
ratyfikacja			
Orlean			
kondominium			
Michael Douglas			
praskiego	w Pradze		
grypy			
żubr			
z piernika			
z Niemiec			
Burbonów			
Habsburgów			
bez ognia			
Zeus			
zwrotniki			
Mahomet			
klezmer			
pięć	5		
pięta			
Kazimierz Kaczor			
sześć	6		
pozarządowa			
mugole			
ręczną			
Bogusław Linda			
tak			
ZSRR			
co roku	1		
bambus			
Londyn			
Rawlison			
dwa	2		
kurza ślepota			
„Noce i dnie”			
Spectator			
lir			
Pirx	1944		
ponczo			
osoba hodująca ryby w akwarium			
mędrcy			
nie			
kłąb			
Rów Portoryko			
10			
chór Dana			
28			
Juliusz Cezar			
pierwszego	1		
bicykl	welocyped		
Jagiellonowie			
20			
zegar			
kapusty			
repertuar			
Kazik Staszewski			
bitwę morską			
w Azji			
Tadeusz Kotarbiński			
a vista			
nie			
na Białorusi			
nad Zatoką Meksykańską			
korona słoneczna			
20 km/h			
Juliusz Cezar			
na dzwonach			
żelaza			
Ferdinand von Zeppelin			
Błękitna Dywizja			
dwa	2		
1000 m	1 km	kilometra	
Gdynia			
Mars			
Karen Blixen			
w dnie oka			
urzędnikiem broniącym spraw plebsu			
tak			
Cisawa			
Rembrandt van Rĳn	Rembrandt Harmenszoon van Rĳn		
biologia			
Nieszpory sycylijskie			
w Tajlandii			
gdakanie			
skok wzwyż			
tak			
Odessa			
poniedziałek			
śpiesz się powoli			
grażdanka			
w 1945			
nie			
Midas			
wodą			
Indira Gandhi			
hiszpańskiego			
w astronomii			
Niemiec			
Pierścień Rybaka			
nie			
chloroform			
w XIX	19		
RAF			
na Hawajach			
Krystyna Janda			
Złoty Niedźwiedź			
oktawa			
2 pi radianów	2 π		
rój			
sejsmograf			
tak			
palpitacja			
dwanaście	12		
z łaciny	z łacińskiego		
Wenus			
trójząb			
Doman			
Stanisława Celińska			
w 1940			
1 marca			
tak			
tak			
herbarz			
Parsęty			
we Lwowie			
mniej			
twarde prawo, ale prawo			
z Panamy			
w Groznym			
Józef Chełmoński			
Maroko			
daktyloskopia			
Krzyżacy			
nad Moskwą			
John Wayne			
Kalkuta			
z NRD			
butelka lejdejska			
Kazimierz Wielki			
seppuku	harakiri		
lazurowego	niebieskiego		
szogun			
zakładana na dłoń aktora			
tysiąc	1000		
Luciano Pavarotti			
adagio			
Nicolas Cage			
prezydent			
Wysokiej Tamie Asuańskiej			
byli śpiewakami operowymi	śpiewem operowym		
karaluch			
tik			
od głowy			
tak			
EEG	elektroencefalogram		
Jane			
sztolnia			
w Londynie			
ręka rękę myje			
nad Zatoką Fińską			
taniec			
Afrodyta			
Quentin Tarantino			
w Poznaniu			
pod Waterloo			
Henri Bertini			
Bereniki			
z Halki			
anagram			
pierwszy	1		
w Krakowie			
Fiodor			
rzeźbiarstwem			
na Ukrainie			
Czartoryscy			
posprzątanie stajni Augiasza i schwytanie koni Diomedesa	schwytanie koni Diomedesa i posprzątanie stajni Augiasza		
kręgle			
Nabuchodonozora			
6378 km			
Krakowa			
od XIX			
trójkąt			
demografia			
na Oceanie Indyjskim			
śląskiego			
Krakatau	Krakatoa	Krakatao	
Zosia			
Kubuś			
w Gruzji			
Piotr Fronczewski			
tak			
Ariusz			
tak			
Waga			
w Polsce			
tak			
Apollo			
szybko			
trotyl	TNT		
tak			
srebro			
Żegota			
w futbolu amerykańskim			
Dama Pikowa			
w 1974			
toster			
Canaletto	Bernardo Bellotto		
Hermiona			
w domu najlepiej			
Tatrzańskiego Parku Narodowego	Tatrzańskiego	TPN	
Posejdona			
żadnego			
nie			
Wiech			
Czyngis-chan	Dżyngis-chan		
na rowerach			
Brunona Schulza			
Ligia	Kallina		
kabriolet			
świerk			
gorący			
nie			
cygar			
raz	1		
z Afryki			
objętości			
trzydzieści	30		
teokracja			
w Krakowie			
nie			
z Francji			
Charlie Chaplin			
Julia Roberts			
nad Oceanem Spokojnym	nad Pacyfikiem		
Leonard Pietraszak			
piramida Chefrena			
dziesięć	10		
maca			
Plejady			
Abbey Road			
bobry			
Cieśnina Gibraltarska			
w XIII	13		
że jest w ciąży			
siekacze			
do Śródziemnego			
adaptacja			
tara			
Brigitte Bardot			
w Tatrach			
ciasto z owocami			
w Ameryce Środkowej	w Ameryce Północnej		
Ryby			
Sejm Niemy			
Nikozja			
Hiszpanii			
spam			
quod erat demonstrandum			
w 3			
Montezuma			
Michał Wołodyjowski			
weterynaria			
mątwa			
rafineria			
Aniela			
pianola			
Confiteor			
samolotem			
George Sand			
w Watykanie			
z jabłek			
podziemny			
sześć	6		
judaizmu			
łabędzia			
Herakles	Herkules		
kawalerii			
tak			
z Piastów			
kolarstwo górskie			
ptaka			
na przedzie			
w Warszawie			
pasożyt			
Michael			
był Francuzem	francuskiej		
Pińsk			
Bonaparte			
Pasteur			
OAS			
Hipokrates			
Stany Zjednoczone	USA		
rok			
Wielka Brytania			
w Wiedniu			
w XIV	14		
Hipolit			
Elba			
Aleksandra II			
w XIV	14		
biały i niebieski	niebieski i biały		
lewą			
niedźwiedź			
chcąc nie chcąc			
w Indiach			
969			
„Brzydkie kaczątko”			
konia			
w Anglii			
„Wesele”			
w Moskwie			
Francji			
tak			
immunitet			
Wenus			
Jutrznia			
królowej Zofii			
Ermitażu			
nad Oceanem Spokojnym	nad Pacyfikiem		
minister bez teki			
amfibia			
tak			
w XIX	19		
Graham Bell			
po II wojnie światowej			
kolaboracja			
Laputa			
Stanisław Lem			
Mao Zedong	Mao Tse-tung		
Stauffenberg			
w Europie			
Antyle			
„Potop”			
pawie			
greckiego			
arena			
nieodmienną			
Indii			
muzyczne			
w Wilnie			
beatyfikacja			
123			
nad Oceanem Spokojnym	nad Pacyfikiem		
wiosny			
o ramię			
52 tygodnie	52		
nie			
działon			
romantyzmu			
z Hiszpanii			
Edward			
w Madrycie			
perigeum	perygeum		
żółty			
w Afryce			
prezydent			
nie			
Drawy			
w XI			
sługa			
deratyzacja			
w Meksyku			
Londyn			
twardym			
z Włoch			
w XIX	19		
ze wschodu na zachód			
sześciu	6		
lepiej			
madera			
szlafmyca			
Egejskie z Jońskim			
czerwonego			
trema			
Henryk Sucharski			
Kraków			
459 m			
Nowy Jork			
tak			
Stanisław Małachowski			
w Styksie			
jezuitów			
albinizm			
Boruta			
pantomima			
Izabela Kastylijska i Ferdynand Aragoński			
o krótszej			
tak			
w Sewilli			
Azji			
w 1941			
Tytus			
prezydent			
granat			
pulsar			
Washington Post			
140 km/h			
po I wojnie światowej			
Wielkiej Brytanii			
był Węgrem			
Blu-ray			
trzy	3		
Izba Gmin			
Zbigniew Zamachowski			
z Afryki			
tak			
z dwoma	2		
tablica			
bananów			
ośmioro			
w 1812			
Islandia			
flash	flesz		
nie			
trylogia			
Sindbad			
jedną	1		
nie			
Lecha Wałęsy			
jedenaście	11		
Stanisław August Poniatowski			
krzyżem			
w I	1		
cent	eurocent		
Kenii			
w Oranie			
mały szlem			
sędzia			
w Bieszczadach			
trójkąta			
Krzysztof Penderecki			
kręgosłup			
we Francji			
w Hiszpanii			
nie			
we Francji			
Rotterdam			
Niccolò			
Cezary Pazura			
kwitkiem			
tak			
Izrael			
w XIX	19		
Elżbieta II	królowa brytyjska		
na 24			
cztery	4		
król	Karol XVI Gustaw		
w Katowicach			
gorącą wodą			
Janów Podlaski			
Jan Kepler	Johannes Kepler		
Bolesław Wieniawa-Długoszowski			
w Londynie			
infant			
Vincent van Gogh			
nie			
wypiek			
w Afryce			
„Tęcza”			
akrofobia			
fraucymer			
korund			
koliber			
Maria Konopnicka			
lądowania na Księżycu			
dwa razy daje, kto szybko daje			
abażur			
Ukajali			
w XIX	19		
cztery	4		
herbaty			
doktor honoris causa			
cynku			
co 6 miesięcy	co pół roku		
z Iwanem Groźnym			
bulaj			
abordaż			
CNN			
wieniec			
lato i zimę	zimę i lato	trochę zimy, trochę lata	
białe			
Poczdam			
„Ludzie bezdomni”			
Karl Jung			
Potomak			
jabłek			
Falanga	Falanga Hiszpańska		
wędlina			
Walkirie			
Atma			
kanibalizm			
nad Morzem Bałtyckim	nad Bałtykiem		
nie			
monit			
bushido			
tak			
od kaptura			
w żółtym			
Henryk Siemiradzki			
Horacy			
kapusta			
rubaszka			
żigolo	fordanser		
tak			
w Polsce			
erystyka			
oponę			
o Dreźnie			
Apolla	Apollina		
Francji			
panierowanie			
Immanuel Kant			
akustyka			
Kopernika			
dewizka			
laur			
Pakt Północnoatlantycki	Organizacja Traktatu Północnoatlantyckiego	Sojusz Północnoatlantycki	
parkour			
Tanzanii			
Władysław Łokietek			
chryzantema			
nie			
tak			
za Stanisława Augusta Poniatowskiego			
diabłem			
Maria Pawlikowska-Jasnorzewska			
Monte Christo			
Paschał			
biały			
w Tatrach			
Tarnica			
Konrad	Gustaw-Konrad		
o Iranie			
z Hiszpanii			
Aleksander Macedoński			
ząb za ząb			
nie			
Ziemia			
włoski			
intuicjonizm			
Horpyna			
bukinista			
morska			
w Algierii			
„Nad Niemnem”			
3			
Dedal			
Natasza			
w Londynie			
Umberto Eco			
koloratka			
Witold Pyrkosz			
Panteon			
Brigitte Bardot			
Gustaw			
trioda			
piroga			
wąż			
nikt			
Mars			
autochton			
niemieckiego			
w Łodzi			
tak			
na Ukrainie			
Baggins			
w 1919			
na fletni			
w Stanach Zjednoczonych	w USA		
Kronos			
Floryda			
Kabaret Starszych Panów			
muezzin			
sześć	6		
w Genewie			
plac św. Marka			
hiszpański			
na organach			
tak			
pięknym			
w Rio de Janeiro			
Nigeria			
diabeł			
dwadzieścia cztery	24		
w XIX	19		
Bernardynów			
heroina			
ciastko			
nie			
ANZUS	Pakt Bezpieczeństwa Pacyfiku		
Joanna Brodzik			
porządkowe			
Sala Poselska	Sala pod Głowami		
w 1815			
wojny			
bocianie gniazdo			
bossa nova			
w Wielkiej Brytanii			
hiszpańskim			
Carmen			
Mia Farrow			
Barbakan			
tenor			
ostrosłupa	ostrosłupa prawidłowego czworokątnego		
w Warszawie			
pianistą			
cudzysłów			
tak			
biały			
w 1717			
we Włoszech			
w Londynie			
dwie	2		
antylopa			
kolarstwo			
nie			
trzy	3		
w Niemczech			
manometr			
regaty			
w 1941			
pedicure			
Barbara Apolonia Chałupiec			
w rejestr			
kaszkę			
poczet sztandarowy			
kurhan			
tak			
w Indiach			
Danię i Szwecję	Szwecję i Danię		
Bangkok			
Bóbr			
po francusku			
do 18			
Michaela Jacksona			
Wezuwiusza			
dziesięć	10		
nie	ma zmienny		
tak			
jabłoni			
Amazonka			
odrzucenie zalotów, oświadczyn			
Aslan			
60			
prezydent			
włoskiej			
Zbigniew Zamachowski			
z małpami			
siedmiu	7		
dla dobra publicznego			
emisariusz			
15 sierpnia			
dziennikami			
w XVII	17		
w XIX	19		
Jama Michalikowa	Jama Michalika		
Jan Jakub Kolski			
WIG 20			
tak			
Szczepko i Tońko	Szczepcio i Tońcio		
19			
Mick Jagger			
na Półwyspie Bałkańskim			
tak			
pas			
za Bolesława Krzywoustego			
tak			
Jean-Paul	Jean-Paul Charles		
preambuła			
gułagi	łagry		
antykwariat			
Narodowego Banku Polskiego	NBP		
6			
Sławomir Petelicki			
Jerzy VI			
hydroplan			
retrospekcja			
lód			
w Szwecji			
w Warszawie			
nie			
trzy razy	3		
nie			
Dawid			
dodatni			
w Argentynie			
owce			
„Nad Niemnem”			
koala			
Helska			
czterech			
Salomon			
we Wrześni			
koszykówkę			
gaszenie			
księżniczka chińska			
przez cały rok	przez 12 miesięcy		
we Wrocławiu			
w Zakopanem			
Warszawa			
od strony morza			
„Gospodarstwo”			
malarstwo			
lucerna			
Cat			
stara			
Sofokles			
Soplica			
A4			
Napoleona Bonaparte			
drapieżne			
Łukasz			
kościuszkowskiego			
do Australii			
w latach świetlnych			
western			
myśliwskim			
tak			
sekwoja			
Tłusty Czwartek			
merlina			
Victory			
nie			
w XIX	19		
Tanganika			
XV	15		
nie			
tak			
Mikołaj II Romanow			
1814–1815	1814-15	od 1814 do 1815	
cesarsko-królewski			
czeskie			
trzy	3		
Marsa			
Janusz Korczak			
Grecji			
tak			
1602			
Arbeit macht frei	Praca czyni wolnym		
kameleony			
w białym			
wilczyca			
rzymska			
jedwabną			
lisowczycy	lisowczyki	straceńcy	chorągiew elearska
pierwiastek			
pulsie			
trzy	3		
w Łazienkach			
Anna Dymna			
z kościoła Mariackiego			
tak			
jeden	1		
 w 1794			
Kartaginy			
tequilla			
przeciw Turkom			
gipsu			
Jowisza			
w Oliwie			
Japonia			
w Hiszpanii			
„Skrzydlata Polska”			
w Karakorum			
w maju			
jednych i drugich			
z dwóch	2		
Franklin Delano Roosevelt			
Loara			
muzyka			
Stanisław Kierbedź			
sowa			
Matka Teresa z Kalkuty			
oflag			
roślina			
mutacja			
Bałtyckim			
białe			
w Peru			
Myslovitz			
Keanu Reeves			
są równe			
kontralt			
w Warszawie			
64			
z Finlandii			
parabola			
pontyfikat			
w XIX	19		
nad Sanem	San		
w XIX	19		
Gustawa Morcinka			
Mikołaj Gogol			
Auschwitz-Birkenau	Auschwitz	Oświęcim	
Leszka Kołakowskiego			
kardiolog			
karoseria			
„Papusza”			
Oliver Stone			
Figara			
dekarz			
filologia angielska			
chaber			
chwastobójcze			
nie			
głowy			
Joanna Moro			
Jerzy			
motyli			
ze starożytnej Grecji			
„Odprawa posłów greckich”			
kelvin			
czołg			
tak			
Marek Niedźwiecki			
robaczek			
Benjamin Franklin			
180			
udusił gołymi rękoma	udusił go		
pisania			
w 1940			
na Ukrainie			
Kraków			
sto	100		
tak			
w Londynie			
sto	100		
z Włoch			
Hefajstos			
z Niemiec			
tak			
Bogota			
migrena			
Francja			
Miszna			
Boże, zachowaj królową			
z Piwnicą pod Baranami			
są równe			
debiut			
refren			
w Jerozolimie			
Klitajmestra			
w Brukseli			
Armstrong			
w Wacławie			
tak			
amnestia			
Księżyca			
Denis Diderot			
Antoni			
Anna German			
gadzinówki			
nie			
w XVIII	18		
Caracas			
dolar kanadyjski			
jarzmo			
w XIX	19		
szafy			
tak			
frytki			
lajkonik			
w warmińsko-mazurskim			
Katarzyna			
tak			
wokół głowy			
Ignacy Rzecki			
G			
dziesięć	10		
w lubelskim			
Robert Gawliński			
tak			
Prometeusz			
tysięczna			
Zygmunta Starego			
dwa razy	2		
Wojciecha Waglewskiego			
grochu			
Kanał Koryncki			
na Oceanie Atlantyckim	na Atlantyku		
bratem			
Jan Tomaszewski			
tak			
pasterka			
barkarola			
we Włoszech			
w Genewie			
w XVII	17		
Komuna Paryska			
jedna	1		
bor			
koszula			
królika			
tak			
czerwiec			
Lwów			
żadna			
w słup soli			
paleolit			
Amedeo			
trzykrotnie	3 razy		
farsz			
Centralne Biuro Śledcze			
figowca			
Czesław Lang			
Sylvester Stallone			
z Dionizosem			
w XIX			
kaczora Donalda			
George Orwell			
Koziorożec			
widmo optyczne			
do 1952			
w XX	20		
z dwóch	2		
piraci			
z Włoch			
T. Love			
tak			
Orla Perć			
Saturna			
„Nasza szkapa”			
Władysław			
na Mazurskim			
Allah			
iperyt			
Rosja			
arkada			
w Brazylii			
Japonia			
Francisco Goya			
otrzewna			
w Rzymie			
skalp			
megalomania			
z francuskiego			
Kuba Rozpruwacz			
z angielskiego			
po łacinie	łacińskim		
„Szaleństwa panny Ewy”			
Ginewra			
Zenon			
Seneka Młodszy			
Václav Havel			
na saksofonie			
tak			
motocyklowy			
amfora			
poczciwego			
w Rzymie			
w Pizie			
Rigoletto			
smażymy			
z Warszawą			
Pytia			
po Wrocławiu			
Romana Polańskiego			
karambol			
Pireus			
Edypowi			
dwa	2		
Afrodyta			
w czerwonym			
satelita			
potocznego			
do Krakowa			
w Gdyni			
szach			
tak			
na złodzieju			
są równe			
„Don Juan”			
kora mózgowa			
Wenus			
Monza			
Bożena Dykiel			
w Poznaniu			
Iwan Pawłow			
dusza			
nie			
ptakami			
telewizor			
prawosławie			
Midas			
wolfram			
więcej niż 20			
Kielce			
most	most w Jugosławii		
21			
kasztelan			
z zachodu			
4 grudnia			
Żydów			
tak			
Smerfy			
we Francji			
nad Wisłą			
lżejsze			
w Rzymie			
most			
srebra			
po II wojnie światowej			
tak			
była Samarytanką			
nie			
Kleopatra			
północnego			
Robinson Crusoe			
wtorek			
azjatycki			
pioruna			
Azerbejdżanu			
w XX	20		
Galileusz			
parabola			
mniszek lekarski			
strzeżonego			
komtur			
do Morza Północnego			
tak			
przez Ocean Atlantycki	przez Atlantyk		
halsowanie			
w konstytucji			
falomierz			
Tambora			
rybami			
Papuasi			
w otwarte			
tak			
owiec			
z porcelany			
mleka			
z francuskiego			
Ingmar Bergman			
Monachomachia			
17 września 1939			
mazowieckiego			
trąbki			
w Paryżu			
liczby atomowej			
w XIX	19		
w Atenach			
„Wiadomości”			
klasyczny i wolny	wolny i klasyczny		
w 1978			
w Niemczech			
w Ameryce Północnej			
siedmiu	7		
nie			
jedna	1		
wilka			
tak			
w Sudetach			
modrzew			
Haydn			
tak			
czerwony			
Robert Korzeniowski			
do trzech	3		
nos			
Wielkiej Brytanii			
na Oceanie Indyjskim			
w żadnym	0		
po łacinie	łacińskim		
Dawid			
nie			
Jan Matejko			
hossa			
tak			
kindersztuba			
do Francji			
paluszek			
w Warszawie			
plankton			
Mont Blanc			
niemy			
Republika Południowej Afryki	RPA		
prawy			
liberum veto			
Linia Maginota	linia Zygfryda		
mrówek			
w 1791			
milion	1000000		
Jukatan			
hiszpański			
Warszawa			
13			
jeden	1		
nie			
celuloid			
sierp			
o rycerzach Jedi			
omega			
tak			
z dwóch	2		
do ostrzenia gęsich piór			
Lady Gaga			
Julian Ursyn Niemcewicz			
z liści laurowych	z liści wawrzynowych		
w XIX	19		
Ludwik Węgierski			
Henryka VIII			
Kojak			
Księga Rodzaju			
fasola			
Zamek Ostrogskich			
hejnał			
trzy czwarte	3/4		
tak			
Howard Carter			
w Norwegii			
adamaszek			
z Karkonoszami			
drużynowy			
dziennik			
Waszyngton			
Ferdydurke			
XIX wiek			
do USA	do Stanów Zjednoczonych		
gilotyna			
fiołek alpejski			
żurnal			
„Przyjaciółka”			
żałoby narodowej			
zwiększa			
Maria Stuart			
został spalony na stosie			
na Oceanie Atlantyckim	na Atlantyku		
poczwarka			
rupia indyjska			
nie			
Bachus			
nie			
tak			
Juliusz Cezar			
benzen			
kopytka			
biskupa			
tak			
topór			
Gwda			
w 1960			
Robert Koch			
Meryl Streep			
diabeł			
w kącie			
nie			
tak			
Jack Nicholson			
skorpion			
tak			
Dunaj			
folią cynową			
Melchior Wańkowicz			
z Afryki			
na Florydzie			
Górskie Ochotnicze Pogotowie Ratunkowe			
Zakopane			
w „Nędznikach”			
w XX	20		
Temida			
w Ameryce Północnej			
promil			
tak			
nie			
nietoperza			
tak			
różowe			
TGV			
w zająca			
sygnaturka			
Thomas Jefferson			
ksenofobia			
Car Kołokoł			
aplikacja			
Stanisław August Poniatowski			
Straż Praw			
Józef Ignacy Kraszewski			
kompasu			
nad Sekwaną			
w Warszawie			
w Lizbonie			
Apollo 11			
hulaka			
Kazimierz Moczarski			
do Hiszpanii			
w Krakowie			
Emily Bronte	Emily Brontë		
Demokratów			
„Panny z Wilka”			
Rejent Milczek			
wielowarstwowe			
człowiek			
w maju			
h			
Stanisław Maczek			
Stefana Żeromskiego			
są równe			
tenis	tenis ziemny		
31			
u chłopców			
antresola			
100 zł	na stuzłotówce		
alotropia			
Skamandra			
złoto			
słowo	plotka		
„Straszny dwór”			
Wersal			
na Wyspie Świętej Heleny	na Świętej Helenie		
fałdowe			
po drugie			
Wodnik			
snajper			
dziki lokator			
tak			
w II p.n.e.			
Hanka			
T			
w „Weselu”			
z angielskiego			
FBI			
z jednej	1		
tak			
w 1794			
Dalajlama			
Delfinie Potockiej			
calcium			
w drewnie			
w 1794			
Eldorado	El Dorado		
tak			
Watykan			
nyktofobia			
powstanie			
rzuciła się pod pociąg			
nie			
z łyżwiarstwem figurowym			
Stefan Batory			
westalki			
w XVII	17		
Makbet			
u podnóża Tatr			
nie ma rymów			
w Szwajcarii			
ambasadora			
Ocean Indyjski			
chwała zwyciężonym			
w XIX	19		
Artemida			
w Antwerpii			
polsko-bolszewicką			
pierwszego	1		
Marylin Monroe			
aplikacja			
Zgromadzenie Narodowe			
arabski			
20			
Dublin			
trombita	trembita	ligawka huculska	
żadnej	0		
dryling	trójlufka	trojak	
wysoki			
ONZ	Organizacja Narodów Zjednoczonych		
George Harrison			
zegary			
Pyzdra			
północno-wschodniego			
motocyklami			
„Romantyczność”			
muzeum			
tak			
ognia			
niebieski			
tytan			
CIA			
M			
Hetman Wielki			
stal			
karbid			
Polski			
paleta			
żupan			
pewna kwoka			
Warszawa			
w 1924			
Bolesław			
jedną	1		
Noteć			
po Nilu			
na wiatr			
3600			
guru			
do Wisły			
Mekki			
z Francji			
Ewa			
do Wrocławia			
czerwonego			
był zbójem			
Tama Hoovera			
takt i uprzejmość			
Powstanie Listopadowe			
w prawą			
balet			
Emmy			
w XV	15		
Juliusz Verne			
na Pojezierzu Ełckim			
po angielsku			
Stanisława Staszica			
batuta			
batuta			
Priemjer-Ligi	rosyjskiej		
starcy			
Kalina Jędrusik			
Nil			
Praga			
w XVIII	18		
neolit			
Boba Dylana			
łacina	łaciński		
szyszynka			
Adam Mickiewicz			
Irena Kwiatkowska			
był kronikarzem			
miarka			
w XX	20		
słodką			
Billewiczówna i Kmicic	Kmicic i Billewiczówna		
z Japonii			
Gdańska			
Jan Kochanowski			
kakao			
macewa			
tenis	tenis ziemny		
oszczep			
Afganistanu i Pakistanu	Pakistanu i Afganistanu		
nad Oceanem Indyjskim			
z Ameryki Południowej			
za Ludwika XIII			
„Antygona w Nowym Jorku”			
expose	exposé		
indyk			
Piotr Wysocki			
tak			
tak			
średnia doba słoneczna			
w XV	15		
mitoza			
Chiny			
8			
imam			
z „Wesela”			
libra	pondus		
we Francji			
Eligiusz Niewiadomski			
z Galilei			
Węgier			
jar	kanion	wąwóz	
romantyzmu			
w Sopocie			
szezlong			
Napoleon Bonaparte			
Achilles			
podczas II wojny światowej			
nie			
przed			
Azji			
rektorowi uczelni wyższej	rektorowi uniwersytetu		
złote gody			
Jana III Sobieskiego			
tak			
errata			
w XX	20		
we Lwowie			
pudło			
trzydzieści	30		
jeden	1		
nie			
Stambuł			
Jerzy Antczak			
w Krakowie			
hobbici			
z dynastii osmańskiej	Osmanów		
krówka			
w 2013			
drugiej strony			
Scyzorykiem			
tlenek węgla			
do Afryki			
wilki			
Semiramida			
w Londynie			
biały i niebieski	niebieski i biały		
Pireneje			
Eliza Orzeszkowa			
sierżant			
z Rosji			
szychta			
flara			
błazna Jorika	Yoricka		
dysk twardy komputera			
miecz i tarczę	tarczę i miecz		
nie			
żywo	szybko		
ludwisarz			
Rzymu	rzymska		
Ulrich von Jungingen			
jeden	1		
tygrys			
tak			
Zośka			
z ośmiu	8		
nie			
tak			
osiemnastoma	18		
Stanisław Bareja			
alergologia			
w Bombaju			
Wawelu	Zamku Wawelskiego		
przed II wojną światową			
Agata Christie			
dreszczowiec			
w robaka			
w Persji			
hagiografia			
Audrey Hepburn			
w Himalajach			
nie			
Shirley MacLaine			
tak			
słowo szlachcica			
tak			
w Danii			
Moskwa			
Zeus			
Kazimierz			
S			
do Ukrainy			
Henryk VIII			
żywy			
czubi			
z Cesarstwem Niemieckim			
i wzajemnie	i na odwrót		
w Warszawie			
Diego Armando			
Horeszków			
Meksyk			
dwanaście	12		
panujący monarcha	król	królowa	
trzy razy	3		
siatkówka			
mysz			
dwie	2		
trzy	3		
bohemistyka			
koszula			
Aten			
Harvard			
w Meksyku			
„Jeszcze Polska nie zginęła”			
Ludwik Andegaweński			
chleba			
po Chrystusie			
w 1943			
nie			
złość			
walkower			
Janka Kosa			
w Ciechocinku			
Robert Downey Junior			
Ernest Rutherford			
Philippe Petain			
Muzeum Powstania Warszawskiego			
japoński			
w Azji			
rzepaku			
Michał Anioł	Michelangelo Buonarroti		
tak			
w XIV	14		
cztery	4		
w Afryce			
centaury			
do niego ani razu			
Wujek			
Józef Chłopicki			
„Książę”			
nie			
Maria Antonina			
nad Gopłem			
komary			
Anna Czerwińska			
biały i czerwony	czerwony i biały		
skamieniałe ślady zwierząt			
o 1647			
w XIX	19		
ścięgno			
pięćdziesiąt	50		
liczydła			
Wilhelm			
bogatemu			
Ocean Spokojny	Pacyfik		
Władysława Jagiełły			
empiryzm			
stetoskop			
Skrzyczne			
cacanka			
w czepku			
w Jerozolimie			
w zielonym			
euro			
tak			
wygłosić			
Robert Lewandowski			
Wojciech Oczko			
szyderczy			
we Włoszech			
w Londynie			
wojna trzynastoletnia			
w XIX	19		
w styczniu			
Piastów			
stryjek			
tak			
3600			
Si			
Czesław Niemen			
lektyka			
piłka nożna			
palestra			
8			
na autyzm			
tak			
Erosa			
Francji			
z bieguna południowego			
Gaza			
w Maastricht			
bantustany			
Edynburg			
w „Fantazym”			
odwróć			
Desdemona			
krypta			
w XIX	19		
Australię			
lonża			
ZSRR			
górzyste			
w malarstwie			
w Poczdamie			
w sercu			
Golda Meir			
Halka			
przed			
z sześciu	6		
tapicer			
Turcji			
Juliusz Cezar			
na akacji			
baryton			
Terencjusz			
Azji			
podobieństwo			
Jaser Arafat			
trzy	3		
w mazowieckim			
przeciwko naturze			
daszek			
Simon Bolivar	Simón Bolívar		
tak			
benefis			
kurant			
instrumentalna			
Pegaz			
Kalifornia			
w XIX	19		
tak			
Salezjanów			
gułag	łagier		
Arkady Fiedler			
z Czech			
Danii			
tak			
Kwirynał			
Hucułowie	Huculi		
druidzi			
białego			
pięć	5		
Wisły			
w Chinach			
pseudonim			
przez Waszyngton			
rolnictwem	uprawą roli	był rolnikiem	
między drzwi			
Konstytucja Księstwa Warszawskiego			
Honsiu			
w Paryżu			
wydrę			
Jan Kochanowski			
Grom			
węgierskiego			
Stanisław Koniecpolski			
rada			
rękawiczki			
Leszek Kołakowski			
Ketling	Hassling-Ketling of Elgin		
prawda			
matematyki			
Termopile			
trzy razy	3		
tak			
tak			
Lakszmi			
na Oceanie Spokojnym			
szlachcic			
Juliusz Słowacki			
nie			
monety			
Tomasz			
w Afryce			
na południowym			
z Krety			
słoń morski			
8 marca			
hiszpański			
„Pasażerka”			
badaniami jaskiń			
antropocentryzm			
Edwarda Griega			
„Grek Zorba”			
Anatolij Rybakow			
hokeja			
internowanie			
Miś Uszatek			
Wietnam			
Zbigniew			
tak			
selenografia			
psiego ogona			
słowotok			
nie			
z Francji			
niebieskie			
w Nowym			
migawka			
na Bielanach			
po niemiecku			
10			
gorzki			
ostatnią	24		
do czterech	4		
paleozoiku			
równy	stopień równy		
matriarchat			
w Gdańsku			
na Białorusi			
półfinał			
Mig			
w czwartek			
Francji			
Chin			
Huck Finn	Huckleberry Finn		
kilt			
Jana III Sobieskiego			
Berlin			
z Francji			
ćwierćwiatr			
kanu	canoe		
nie ma żadnej			
Michał Żebrowski			
Niemcem			
z przodu			
Robin Hood			
pięć	5		
z 17			
Ming			
22			
z Nowej Zelandii			
w Górach Stołowych			
tak			
immunologia			
Anglii			
bierki			
Kazimierz III Wielki			
ława oskarżonych			
wokanda			
porostami			
tak			
kobz			
mydło			
Teatr Narodowy w Warszawie			
Jan Brzechwa			
na prawym			
nad Jeziorem Genewskim			
„Emigranci”			
nie			
Nowego Jorku			
Pablo Picasso			
Libia			
oka			
Władimir			
Cambridge			
w Azji			
„Noc i mgła”			
w Afryce			
z Grecji			
tak			
w 2013			
byle jakiego			
nie			
tak			
dżygitówka			
głowy			
Vasco da Gama			
tak			
tak			
na Litwie			
Ryszard I			
Jędrzej Śniadecki			
rufa			
sto	100		
lewirat			
tak			
dziewięć	9		
na Księżycu			
tak			
astma			
miłość zwycięża wszystko			
w XX	20		
Lady Pank			
karnet			
szwedzkiej			
I wojny światowej			
Maciej			
trzy	3		
kwadrat			
nie			
San Sebastian			
sztafeta			
nie			
w XIX	19		
islandzki			
kołduny			
z Hiszpanii			
sześć	6		
w 1981			
tak			
panika			
gruszki			
Hamburg			
waga			
w Indiach			
Wawel			
Macieja Boryny			
w Padwie			
tak			
przez Morze Czerwone			
trzy	3		
nad Wartą			
Joachim			
przysłówek			
wzrost			
w Sydney			
zimnica	febra		
bile			
Skaldowie			
katakumby			
gwiazda			
porto			
tak			
nie			
Jan Kochanowski			
Danii			
Wanda Rutkiewicz			
kozica			
jest drapieżnikiem			
Spartakus			
Wielkiej Brytanii			
w Nowym Jorku			
nie			
w tenisie	w tenisie ziemnym		
siedem	7		
14 października			
tarczyca			
wieprze			
pszczoły			
Santiago	stary rybak Santiago		
z Wenecji			
tak			
saperka			
do widzenia			
Polski			
nie			
żabka			
tak			
w XX	20		
nie będzie umiał			
Maryla Wereszczakówna			
w I p.n.e.			
czterech	4		
w 1944			
tak			
tak			
„Hamleta”			
czasownik			
był Francuzem	francuskiej		
pójdź za mną			
nie			
Galileusz			
Ignacy Łukasiewicz			
FIFA			
tak			
Roman Wilhelmi			
w Warszawie			
karmelici			
w Poznaniu			
tak			
Nabucco			
w biedzie			
nie			
w XV	15		
król i dama			
Józef Mehoffer			
na tapczanie			
tarło			
George'a Washingtona	Jerzego Waszyngtona		
Henry			
nad Bzurą			
sfragistyka			
w Ojcowskim			
proscenium			
autoportret			
tak			
nie			
catgut	ketgut	katgut	
nie			
w Peru			
plazma			
lichtarz			
sadystyczne	był sadystą		
kłody			
drugą			
Rzym			
tak			
drzewo genealogiczne			
po Syrakuzach			
Mojżesza			
w 1938			
w 1900			
Longin Podbipięta			
w Warszawie			
os			
nie			
pięćdziesięciu	50		
nie			
termofor			
w Krakowie			
wernisaż			
do tragedii			
zaczerwienić się			
tak			
Józefa Cyrankiewicza			
sześć	6		
w jedną	1		
w Kuala Lumpur			
Xawery Dunikowski			
marszand			
bracia Grimm	Wilhelm i Jacob Grimm		
Michael			
Jana Kochanowskiego			
sto	100		
Egejskiego			
Kanał Sueski			
po I wojnie światowej	1		
tak			
Jordanu			
tak			
tak			
Nowa Zelandia			
propanu i butanu	butanu i propanu		
stojąc			
Stanisław Moniuszko			
w buddyzmie			
w Nowym Jorku			
w XVII	17		
Basia			
myszą			
z szachów			
tak			
w Karkonoskim			
Andy			
dziewięćdziesiąt	90		
w Los Angeles			
RFN			
bandera			
tak			
dziadek			
Zygmunt III Waza			
nie			
w 1805			
w Tanzanii			
błękitnego			
fototropizm			
Angoli			
Konstytucji Stanów Zjednoczonych	Konstytucji USA		
w Holandii			
osiem	8		
savoir-vivre			
Kaligula			
Enrico			
Kazimierz Dolny			
Komeda			
placki			
w XIX	19		
Kastor			
cerkiew			
Adam Mickiewicz			
Wincenty Kadłubek			
Hanna Glawari			
w Stanach Zjednoczonych	w USA		
do Burbonów			
Bolesława Prusa			
dziesięć	10		
Zelandia			
Ewa			
ponad stu			
Rosji			
Hilary			
w pomorskim			
stereometria			
moja wina			
makaron			
Kraków			
w Karakorum			
„Nagi instynkt”			
Pandora			
Joe DiMaggio			
nie			
Elżbieta Jaworowicz			
Julian Tuwim			
kwintet			
Neapol			
z ryb			
skaut			
we Francji			
6 armat			
Argentyny			
Hans Memling			
Sikoku			
14 lipca 1789			
Hefajstosa			
w Puszczy Augustowskiej			
tak			
lekarzem			
dziewięcioro			
Witek	Wicio		
izometria			
biret			
tak			
motocross			
centuria			
zmartwienie			
Anthony Quinn			
Ameryk			
Białowieski			
sacrum			
„Moda na sukces”			
pozarządowa			
Jasna Góra			
w 2011			
staropolski taniec			
Bolesław			
zabytkowej			
wodorem			
„Konrada Wallenroda”			
knieje			
przez bakterie			
Jean de La Fontaine			
do Zatoki Gdańskiej			
Charles'a de Gaulle'a			
o Wyspy Kurylskie			
surówka			
Kanady			
tak			
kura samograjka			
Opty			
bigamia			
sążeń			
nie			
29			
winniczek			
Popiela			
Północna			
z Rosją			
nie			
buzię			
na Syberię			
hiszpańskiej			
epicykloida			
jedno	1		
barykada			
browar			
w Paryżu			
z Chin			
111			
w 1683			
w XVIII	18		
tak			
sezam			
jedną	1		
wodór			
na królika			
wiedeńskim	na Kongresie Wiedeńskim	w Wiedniu	
tak			
jeden	1		
Józef Bem			
papierowy			
rekin			
Zofia			
kwartet smyczkowy			
z Włoch			
na Oceanie Indyjskim			
nie			
Otello			
cztery	4		
Adam Mickiewicz			
ze skór zwierzęcych			
Daniel Craig			
gęsi			
Maria Konopnicka			
muflon			
w robaka	w żuka		
2 kg			
w Niemczech			
z trzech	3		
pokojową			
konstytucja			
w Paryżu			
w XIV	14		
w XVIII	18		
żak			
czerwonego			
Jana Matejki			
z Kanady			
zero	0		
Krysia			
na Węgrzech			
kaszy			
żelaza			
Ludwik i August	August i Ludwik		
Balbinka			
zegar słoneczny			
Nilu			
czterdzieści	40		
w XVIII	18		
Ford			
Księżyc			
Raisa			
żużel			
na dębie			
w San Francisco			
skoki narciarskie			
Królestwo Jerozolimskie			
nie			
tak			
Białorusi			
Franciszek			
w Atenach			
tak			
chleba			
Oceanu Indyjskiego			
Władysław Jagiełło			
karat			
ze wschodu			
trzy	3		
w 1929			
Ignacy Rzecki			
dziewięć	9		
objętość			
w 1940			
Planty			
był Amerykaninem	amerykańskiej		
w Islandii			
filozofem			
nie			
w Czechosłowacji			
Attyla			
Giacomo Puccini			
Ad Astra	Do Gwiazd		
E			
zero	0		
nie			
w Ameryce Północnej			
arsen			
w Rosji			
Lascaux			
z czarnej porzeczki			
w XIX	19		
na Oceanie Spokojnym			
Hermes			
w Cytadeli Warszawskiej			
innowierców	chrześcijan		
sutka	piersi		
matka i córka			
Hotel Lambert	Hôtel Lambert		
w Uzbekistanie			
w Medynie			
Śląska			
Cuszima			
Mohikanów			
nie			
Leśna Góra			
Polihymnia			
Małgorzata			
duńskiej			
złej baletnicy			
nauczyciele			
Bukareszt			
w pierwszym			
zakaz postoju w dni nieparzyste			
szewcem			
„O krasnoludkach i sierotce Marysi”			
Jan Sebastian Bach			
w 1921			
męski			
dumka			
w Egipcie			
monarchista	rojalista		
we Włoszech			
amerykańską			
Juliusz Verne			
w 1999			
przy zawieraniu małżeństwa	przy zaślubinach		
w Londynie			
z Hiszpanii			
konferansjer			
w Katowicach			
w pomorskim			
w Europie			
sześć	6		
cosinus			
wokół Troi			
w Warszawie			
nie			
kryminologia			
Central Parku			
w Amsterdamie			
w Neapolu			
w XI	11		
w Paryżu			
tak			
Lublina			
we Francji			
lekkoatletyka	lekka atletyka		
Józef Poniatowski			
35			
w Bytomiu			
w Egipcie			
bristol	brystol		
do Grecji			
żywe			
w XX	20		
Klio			
nad Wartą			
zbroja			
Dąbrowskiego			
trzy	3		
tak			
wolne			
tak			
prawą			
Aleksandra Zelwerowicza			
klincz			
Sudetów			
rybą			
tak			
Ramadan			
na Oceanie Atlantyckim	na Atlantyku		
w 1492			
nad Dunajem			
Ślązakiem			
tak			
endoprotezy			
w Tarnowie			
wodoru			
z Hiszpanii			
Abu Simbel			
ojciec			
Kazimierz Jagiellończyk			
Kepler			
Niccolò Paganiniego			
rak			
Egiptu			
Australii			
renifery			
braćmi			
matka karmicielka			
ze srebra			
Adama Mickiewicza			
z Einsteinem			
w XIX	19		
boks			
na Tajwanie			
w XVIII	18		
fosa			
Sputnik			
pod Savannah			
banknot			
w 1942			
w Amsterdamie			
Witold Gombrowicz			
Morze Martwe			
oskrzela			
pięć	5		
w 1770			
w Republice Południowej Afryki	w RPA		
nie			
we Włoszech			
w czasie wojny Muzy milczą			
Jan Onufry			
gazowy			
w Ameryce Południowej			
Libia			
kardynała Wyszyńskiego	Stefana Wyszyńskiego		
Jakobini			
tak			
rzęs			
kidnaper			
„Kongres futurologiczny”			
karczowanie			
Ludwika XV			
kapelusz			
nie			
nie			
Achilles			
w Pekinie			
Jerzy Waszyngton	George Washington		
Paweł Strzelecki			
LXX			
Jürgen Stroop			
Pieter	Jan		
z Kanady			
z Danii			
Bona Sforza			
w XIX	19		
żółtego			
trzęsienie ziemi			
Centralna Magistrala Kolejowa			
w Afryce			
Hieronim Bosch			
James Bond			
Mordechaj Anielewicz			
w XIX	19		
sto	100		
krytyk się nie boi			
tak			
w XX	20		
gmina			
Leonardo da Vinci			
w Rabce-Zdrój			
żuk			
sprint			
w VIII	8		
w XIX	19		
tak			
z ropy naftowej			
pasternak i figa	figa i pasternak		
jednooki			
dziad			
Hubert			
w Odessie			
„Lista Schindlera”			
ordynans			
w XX	20		
pielmieni			
w Turcji			
burłacy			
wydra			
komórki glonów			
w Gdańsku			
na ospę			
dziesięć	10		
w Ameryce Północnej			
tak			
Fryderyk II Wielki			
tak			
skrzypiec			
